id,company,cc,amount,currency,unit,kind,origin,horizon,tier,source_url,source_phrase,register_row_id,date
m00001,ALLOS,BR,70000.0,count,stores,users_claim,register_extraction,,,,"70,000+ stores",0,
m00002,Banco do Brasil,BR,800.0,count,models,users_claim,register_extraction,,,,800+ models,3,
m00003,Banco do Brasil,BR,130.0,pct,%,vague,register_extraction,,,,+130%,3,
m00004,Banco do Brasil,BR,130.0,pct,%,vague,register_extraction,,,,130%,3,
m00005,Banco do Brasil,BR,88000000.0,count,clients,users_claim,register_extraction,,,,88M clients,4,
m00006,Banco do Brasil,BR,88000000.0,count,clients,users_claim,register_extraction,,,,88M clients,4,
m00007,Banco do Brasil,BR,4000000.0,count,customers,users_claim,register_extraction,,,,4M+ customers,4,
m00008,Bradesco,BR,25000000.0,count,interactions,users_claim,register_extraction,,,,25M interactions,6,
m00009,Bradesco,BR,87.0,pct,%,vague,register_extraction,,,,~87%,6,
m00010,Bradesco,BR,25000000.0,count,interactions,users_claim,register_extraction,,,,25M+ interactions,6,
m00011,Bradesco,BR,-90.0,pct,%,vague,register_extraction,,,,-90%,6,
m00012,Itaú Unibanco,BR,100000.0,count,clients,users_claim,register_extraction,,,,100k clients,13,
m00013,Itaú Unibanco,BR,100000.0,count,clients,users_claim,register_extraction,,,,"100,000 clients",13,
m00014,Santander Brasil,BR,98.0,pct,%,vague,register_extraction,,,,98%,14,
m00015,Santander Brasil,BR,98.0,pct,%,vague,register_extraction,,,,98%,14,
m00016,Porto,BR,85.0,pct,%,vague,register_extraction,,,,85%,18,
m00017,Porto,BR,-29.0,pct,%,vague,register_extraction,,,,-29%,18,
m00018,Porto,BR,85.0,pct,%,vague,register_extraction,,,,85%,18,
m00019,Petrobras,BR,100000.0,count,employees,users_claim,register_extraction,,,,"100,000+ employees",21,
m00020,Petrobras,BR,11200000.0,BRL,currency,investment,register_extraction,,,,R$11.2M,22,
m00021,Petrobras,BR,11200000.0,BRL,currency,investment,register_extraction,,,,R$11.2M,22,
m00022,PRIO,BR,15.0,pct,%,vague,register_extraction,,,,~15%,24,
m00023,PRIO,BR,15.0,pct,%,vague,register_extraction,,,,~15%,24,
m00024,Raízen,BR,58000000.0,BRL,currency,savings_claim,register_extraction,,,,R$58M,25,
m00025,Raízen,BR,58000000.0,BRL,currency,savings_claim,register_extraction,,,,R$58M,25,
m00026,Vibra Energia,BR,900000000.0,BRL,currency,savings_claim,register_extraction,,,,R$900M,27,
m00027,Vibra Energia,BR,900000000.0,BRL,currency,savings_claim,register_extraction,,,,R$900M,27,
m00028,Auren Energia,BR,520.0,count,trades,users_claim,register_extraction,,,,520+ trades,29,
m00029,Auren Energia,BR,68.0,pct,%,vague,register_extraction,,,,68%,29,
m00030,Auren Energia,BR,520.0,count,transactions,users_claim,register_extraction,,,,520+ transactions,29,
m00031,Auren Energia,BR,68.0,pct,%,vague,register_extraction,,,,68%,29,
m00032,Novartis International AG,CH,1000000000.0,USD,currency,investment,register_extraction,,,,$1B,32,
m00033,Amrize AG,CH,35.0,pct,%,vague,register_extraction,,,,35%,55,
m00034,CATL,CN,70.0,pct,%,vague,register_extraction,,,,70%,64,
m00035,China Merchants Bank,CN,63.0,pct,%,vague,register_extraction,,,,+63%,65,
m00036,Industrial Bank,CN,200.0,count,agents,users_claim,register_extraction,,,,200+ agents,69,
m00037,Inner Mongolia Yili,CN,-40.0,pct,%,vague,register_extraction,,,,-40%,74,
m00038,Inner Mongolia Yili,CN,-20.0,pct,%,vague,register_extraction,,,,-20%,74,
m00039,Gree Electric,CN,0.5,pct,%,vague,register_extraction,,,,0.5%,76,
m00040,Gree Electric,CN,0.06,pct,%,vague,register_extraction,,,,0.06%,76,
m00041,Bank of Jiangsu,CN,40.0,pct,%,vague,register_extraction,,,,+40%,82,
m00042,Luzhou Laojiao,CN,-80.0,pct,%,vague,register_extraction,,,,-80%,87,
m00043,Sinopec,CN,15.0,pct,%,vague,register_extraction,,,,+15%,91,
m00044,Sinopec,CN,-10.0,pct,%,vague,register_extraction,,,,-10%,91,
m00045,Sinopec,CN,100000.0,count,users,users_claim,register_extraction,,,,100k+ users,91,
m00046,Sinopec,CN,1590.0,count,agents,users_claim,register_extraction,,,,"1,590 agents",91,
m00047,Shanxi Xinghuacun Fen Wine,CN,68.2,pct,%,vague,register_extraction,,,,68.2%,92,
m00048,Ping An Bank,CN,94.0,pct,%,vague,register_extraction,,,,94%,96,
m00049,Ping An Bank,CN,30.0,pct,%,vague,register_extraction,,,,30%,96,
m00050,Ping An Bank,CN,94.0,pct,%,vague,register_extraction,,,,94%,96,
m00051,Ping An Bank,CN,30.0,pct,%,vague,register_extraction,,,,30%,96,
m00052,China Minsheng Bank,CN,-34.0,pct,%,vague,register_extraction,,,,-34%,97,
m00053,China Minsheng Bank,CN,84.0,pct,%,vague,register_extraction,,,,84%,97,
m00054,Zhongji Innolight,CN,99.9,pct,%,vague,register_extraction,,,,99.9%,99,
m00055,Zhongji Innolight,CN,-25.0,pct,%,vague,register_extraction,,,,-25%,99,
m00056,S.F. Holding,CN,5.0,pct,%,vague,register_extraction,,,,+5%,102,
m00057,China Telecom,CN,56.5,pct,%,vague,register_extraction,,,,56.5%,107,
m00058,Sungrow Power,CN,99.0,pct,%,vague,register_extraction,,,,99%,108,
m00059,Sungrow Power,CN,-99.0,pct,%,vague,register_extraction,,,,-99%,108,
m00060,Sungrow Power,CN,92.0,pct,%,vague,register_extraction,,,,+92%,108,
m00061,Sany Heavy Industry,CN,66.0,pct,%,vague,register_extraction,,,,66%,115,
m00062,Sany Heavy Industry,CN,13.0,pct,%,vague,register_extraction,,,,+13%,115,
m00063,Sany Heavy Industry,CN,-14.5,pct,%,vague,register_extraction,,,,-14.5%,115,
m00064,China CSSC Holdings,CN,99.5,pct,%,vague,register_extraction,,,,99.5%,117,
m00065,Foxconn Industrial Internet,CN,27.0,pct,%,vague,register_extraction,,,,+27%,121,
m00066,Foxconn Industrial Internet,CN,-42.0,pct,%,vague,register_extraction,,,,-42%,121,
m00067,Foxconn Industrial Internet,CN,27.0,pct,%,vague,register_extraction,,,,+27%,121,
m00068,Poly Developments,CN,40.0,pct,%,vague,register_extraction,,,,+40%,124,
m00069,Poly Developments,CN,100.0,pct,%,vague,register_extraction,,,,100%,124,
m00070,Bank of Shanghai,CN,60.0,pct,%,vague,register_extraction,,,,60%,127,
m00071,Anhui Conch Cement,CN,85.0,pct,%,vague,register_extraction,,,,85%,131,
m00072,ENN Energy,CN,103.8,pct,%,vague,register_extraction,,,,+103.8%,144,
m00073,China Resources Mixc Lifestyle,CN,-15.0,pct,%,vague,register_extraction,,,,-15%,148,
m00074,CITIC Limited,CN,30.0,pct,%,vague,register_extraction,,,,30%,153,
m00075,CITIC Limited,CN,-60.0,pct,%,vague,register_extraction,,,,-60%,153,
m00076,CITIC Limited,CN,30.0,pct,%,vague,register_extraction,,,,30%,153,
m00077,CITIC Limited,CN,-60.0,pct,%,vague,register_extraction,,,,-60%,153,
m00078,Sinopec Corp,CN,100000.0,count,users,users_claim,register_extraction,,,,100k+ users,155,
m00079,Sinopec Corp,CN,1590.0,count,agents,users_claim,register_extraction,,,,"1,590 agents",155,
m00080,Xinyi Solar,CN,91.8,pct,%,vague,register_extraction,,,,91.8%,159,
m00081,Xinyi Solar,CN,91.8,pct,%,vague,register_extraction,,,,91.8%,159,
m00082,Lenovo,CN,-80.0,pct,%,vague,register_extraction,,,,-80%,160,
m00083,CSPC Pharmaceutical Group,CN,5220000000.0,USD,currency,investment,register_extraction,,,,$5.22bn,163,
m00084,CSPC Pharmaceutical Group,CN,110000000.0,USD,currency,investment,register_extraction,,,,$110M,163,
m00085,CSPC Pharmaceutical Group,CN,5220000000.0,USD,currency,investment,register_extraction,,,,$5.22bn,163,
m00086,Budweiser Brewing Company APAC,CN,-70.0,pct,%,vague,register_extraction,,,,-70%,166,
m00087,Chow Tai Fook,CN,57.0,pct,%,vague,register_extraction,,,,+57%,168,
m00088,Chow Tai Fook,CN,70.0,pct,%,vague,register_extraction,,,,+70%,168,
m00089,Chow Tai Fook,CN,400.0,count,agents,users_claim,register_extraction,,,,400+ agents,168,
m00090,Chow Tai Fook,CN,24000.0,count,employees,users_claim,register_extraction,,,,"24,000 employees",168,
m00091,WuXi Biologics,CN,30.0,pct,%,vague,register_extraction,,,,+30%,169,
m00092,Trip.com Group,CN,-40.0,pct,%,vague,register_extraction,,,,-40%,180,
m00093,Trip.com Group,CN,70.0,pct,%,vague,register_extraction,,,,70%,180,
m00094,Adidas,DE,92.0,pct,%,vague,register_extraction,,,,~92%,181,
m00095,Bayer,DE,67.0,pct,%,vague,register_extraction,,,,+67%,185,
m00096,Commerzbank,DE,21.0,pct,%,vague,register_extraction,,,,21%,189,
m00097,Commerzbank,DE,21.0,pct,%,vague,register_extraction,,,,21%,189,
m00098,Deutsche Bank,DE,6000.0,count,employees,users_claim,register_extraction,,,,"6,000 employees",192,
m00099,Deutsche Bank,DE,6000.0,count,employees,users_claim,register_extraction,,,,"6,000 employees",192,
m00100,Scout24,DE,14.0,pct,%,vague,register_extraction,,,,+14%,213,
m00101,Scout24,DE,14.0,pct,%,vague,register_extraction,,,,+14%,213,
m00102,Amadeus IT Group,ES,10000.0,count,employees,users_claim,register_extraction,,,,"10,000+ employees",223,
m00103,Amadeus IT Group,ES,10000.0,count,employees,users_claim,register_extraction,,,,"10,000+ employees",223,
m00104,BBVA,ES,120000.0,count,employees,users_claim,register_extraction,,,,"120,000+ employees",227,
m00105,BBVA,ES,120000.0,count,employees,users_claim,register_extraction,,,,"120,000+ employees",227,
m00106,Indra,ES,5500.0,count,employees,users_claim,register_extraction,,,,"5,500+ employees",238,
m00107,Mapfre,ES,6000000.0,count,clients,users_claim,register_extraction,,,,6M clients,241,
m00108,Mapfre,ES,80.0,pct,%,vague,register_extraction,,,,~80%,241,
m00109,Repsol,ES,22.0,count,agents,users_claim,register_extraction,,,,22 agents,246,
m00110,Santander,ES,200000000.0,EUR,currency,users_claim,register_extraction,,,,€200M,249,
m00111,Santander,ES,185000.0,count,employees,users_claim,register_extraction,,,,"185,000 employees",249,
m00112,Santander,ES,185000.0,count,employees,users_claim,register_extraction,,,,"185,000 employees",249,
m00113,ArcelorMittal,FR,10500000.0,USD,currency,vague,register_extraction,,,,$10.5M,270,
m00114,Capgemini,FR,11.0,pct,%,vague,register_extraction,,,,+11%,273,
m00115,Capgemini,FR,3300000000.0,USD,currency,investment,register_extraction,,,,$3.3B,273,
m00116,Capgemini,FR,11.0,pct,%,vague,register_extraction,,,,+11%,273,
m00117,Edenred,FR,12000.0,count,employees,users_claim,register_extraction,,,,"12,000 employees",285,
m00118,Edenred,FR,12000.0,count,employees,users_claim,register_extraction,,,,"12,000 employees",285,
m00119,LVMH,FR,40000.0,count,employees,users_claim,register_extraction,,,,"40,000 employees",305,
m00120,LVMH,FR,40000.0,count,employees,users_claim,register_extraction,,,,"40,000 employees",305,
m00121,Orange,FR,70.0,pct,%,vague,register_extraction,,,,~70%,310,
m00122,Orange,FR,70.0,pct,%,vague,register_extraction,,,,~70%,310,
m00123,Pernod Ricard,FR,85.0,pct,%,vague,register_extraction,,,,~85%,312,
m00124,Pernod Ricard,FR,85.0,pct,%,vague,register_extraction,,,,~85%,312,
m00125,Safran,FR,80.0,pct,%,vague,register_extraction,,,,80%,320,
m00126,Saint-Gobain,FR,160000.0,count,employees,users_claim,register_extraction,,,,"160,000 employees",322,
m00127,Teleperformance,FR,185000000.0,USD,currency,investment,register_extraction,,,,$185M,335,
m00128,Teleperformance,FR,185000000.0,USD,currency,investment,register_extraction,,,,$185M,335,
m00129,Thales,FR,20.0,pct,%,vague,register_extraction,,,,20%,337,
m00130,Vinci,FR,99.9,pct,%,vague,register_extraction,,,,99.9%,343,
m00131,Vinci,FR,99.9,pct,%,vague,register_extraction,,,,99.9%,343,
m00132,Adani Ports & SEZ,IN,100000000.0,USD,currency,investment,register_extraction,,,,$100M,345,
m00133,Adani Ports & SEZ,IN,100000000.0,USD,currency,investment,register_extraction,,,,$100M,345,
m00134,Axis Bank,IN,97.0,pct,%,vague,register_extraction,,,,97%,348,
m00135,Axis Bank,IN,97.0,pct,%,vague,register_extraction,,,,97%,348,
m00136,Axis Bank,IN,10.0,pct,%,vague,register_extraction,,,,10%,349,
m00137,Axis Bank,IN,10.0,pct,%,vague,register_extraction,,,,10%,349,
m00138,Bajaj Finance,IN,20000000.0,count,calls,users_claim,register_extraction,,,,20M calls,351,
m00139,Bajaj Finance,IN,520000.0,count,customers,users_claim,register_extraction,,,,520k customers,351,
m00140,IndiGo,IN,12000000.0,USD,currency,revenue_claim,register_extraction,,,,$12M,369,
m00141,IndiGo,IN,92.0,pct,%,vague,register_extraction,,,,92%,369,
m00142,IndiGo,IN,12000000.0,USD,currency,revenue_claim,register_extraction,,,,$12M,369,
m00143,IndiGo,IN,92.0,pct,%,vague,register_extraction,,,,92%,369,
m00144,Infosys,IN,77000.0,count,employees,users_claim,register_extraction,,,,77k employees,370,
m00145,Kotak Mahindra Bank,IN,1000000.0,count,interactions,users_claim,register_extraction,,,,1M interactions,374,
m00146,Kotak Mahindra Bank,IN,93.0,pct,%,vague,register_extraction,,,,93%,374,
m00147,Kotak Mahindra Bank,IN,1000000.0,count,users,users_claim,register_extraction,,,,1M+ users,374,
m00148,Kotak Mahindra Bank,IN,1000000.0,count,interactions,users_claim,register_extraction,,,,1M interactions,374,
m00149,Kotak Mahindra Bank,IN,93.0,pct,%,vague,register_extraction,,,,93%,374,
m00150,Larsen & Toubro,IN,140000.0,count,employees,users_claim,register_extraction,,,,"140,000 employees",375,
m00151,Larsen & Toubro,IN,140000.0,count,employees,users_claim,register_extraction,,,,"140,000 employees",375,
m00152,SBI Life Insurance Company,IN,350000.0,count,agents,users_claim,register_extraction,,,,350k+ agents,383,
m00153,Tata Consultancy Services,IN,50.0,pct,%,vague,register_extraction,,,,~50%,388,
m00154,Tata Consultancy Services,IN,50.0,pct,%,vague,register_extraction,,,,~50%,388,
m00155,Tata Motors Passenger Vehicles,IN,80.0,count,models,users_claim,register_extraction,,,,80 models,391,
m00156,Tata Motors Passenger Vehicles,IN,-40.0,pct,%,vague,register_extraction,,,,-40%,391,
m00157,Tata Motors Passenger Vehicles,IN,-40.0,pct,%,vague,register_extraction,,,,-40%,391,
m00158,Wipro,IN,30.0,pct,%,vague,register_extraction,,,,30%,397,
m00159,Wipro,IN,1000000000.0,USD,currency,revenue_claim,register_extraction,,,,$1B,397,
m00160,Wipro,IN,250000.0,count,employees,users_claim,register_extraction,,,,250k employees,397,
m00161,Wipro,IN,30.0,pct,%,vague,register_extraction,,,,30%,397,
m00162,Bharat Petroleum,IN,10000000.0,USD,currency,revenue_claim,register_extraction,,,,$10M,405,
m00163,Bharat Petroleum,IN,10000000.0,USD,currency,revenue_claim,register_extraction,,,,$10M,405,
m00164,Britannia Industries,IN,-70.0,pct,%,vague,register_extraction,,,,-70%,406,
m00165,Britannia Industries,IN,-70.0,pct,%,vague,register_extraction,,,,-70%,406,
m00166,Canara Bank,IN,95.0,pct,%,vague,register_extraction,,,,~95%,408,
m00167,Canara Bank,IN,95.0,pct,%,vague,register_extraction,,,,~95%,408,
m00168,Godrej Consumer Products,IN,75.0,pct,%,vague,register_extraction,,,,75%,415,
m00169,Godrej Consumer Products,IN,75.0,pct,%,vague,register_extraction,,,,75%,415,
m00170,Hindustan Zinc,IN,20.0,pct,%,vague,register_extraction,,,,20%,417,
m00171,Hindustan Zinc,IN,20.0,pct,%,vague,register_extraction,,,,20%,417,
m00172,LTM,IN,300.0,count,agents,users_claim,register_extraction,,,,300+ agents,423,
m00173,Siemens,IN,50.0,pct,%,vague,register_extraction,,,,50%,432,
m00174,Solar Industries,IN,1300000000.0,USD,currency,investment,register_extraction,,,,$1.3b,434,
m00175,Tata Capital,IN,98.0,pct,%,vague,register_extraction,,,,98%,435,
m00176,Vedanta,IN,300.0,USD,currency,vague,register_extraction,,,,$300,442,
m00177,Vedanta,IN,300.0,USD,currency,vague,register_extraction,,,,$300,442,
m00178,A2A,IT,65.0,pct,%,vague,register_extraction,,,,65%,444,
m00179,A2A,IT,100.0,pct,%,vague,register_extraction,,,,100%,444,
m00180,Banco BPM,IT,1.0,pct,%,vague,register_extraction,,,,1%,453,
m00181,Mediobanca,IT,25.0,pct,%,vague,register_extraction,,,,+25%,485,
m00182,Poste italiane,IT,46000000.0,count,clients,users_claim,register_extraction,,,,46M clients,490,
m00183,Snam,IT,70.0,pct,%,vague,register_extraction,,,,~70%,497,
m00184,Unipol,IT,90.0,pct,%,vague,register_extraction,,,,~90%,509,
m00185,ANA Holdings Inc.,JP,90.0,pct,%,vague,register_extraction,,,,90%,511,
m00186,"Japan Airlines Co., Ltd.",JP,80.0,pct,%,vague,register_extraction,,,,80%,514,
m00187,Isuzu Motors Ltd.,JP,70.0,pct,%,vague,register_extraction,,,,~70%,518,
m00188,Mazda Motor Corp.,JP,400.0,count,staff,users_claim,register_extraction,,,,400 staff,520,
m00189,"Nissan Motor Co., Ltd.",JP,1000.0,count,employees,users_claim,register_extraction,,,,1000+ employees,525,
m00190,"Aozora Bank, Ltd.",JP,400.0,count,staff,users_claim,register_extraction,,,,400 staff,536,
m00191,"Mitsubishi UFJ Financial Group, Inc.",JP,40000.0,count,employees,users_claim,register_extraction,,,,"40,000 employees",542,
m00192,"Mitsubishi UFJ Financial Group, Inc.",JP,35000.0,count,employees,users_claim,register_extraction,,,,"35,000 employees",543,
m00193,"Mitsubishi UFJ Financial Group, Inc.",JP,35000.0,count,employees,users_claim,register_extraction,,,,"35,000 employees",543,
m00194,"Mizuho Financial Group, Inc.",JP,50.0,pct,%,vague,register_extraction,,,,50%,546,
m00195,Yokohama Financial Group,JP,37.0,pct,%,vague,register_extraction,,,,37%,555,
m00196,"Denka Co., Ltd.",JP,4000.0,count,employees,users_claim,register_extraction,,,,"4,000 employees",558,
m00197,Fujifilm Holdings Corp.,JP,88.0,pct,%,vague,register_extraction,,,,88%,560,
m00198,Fujifilm Holdings Corp.,JP,1000.0,count,agents,users_claim,register_extraction,,,,"1,000+ agents",560,
m00199,Fujifilm Holdings Corp.,JP,70000.0,count,employees,users_claim,register_extraction,,,,"70,000 employees",561,
m00200,Fujifilm Holdings Corp.,JP,70000.0,count,employees,users_claim,register_extraction,,,,"70,000 employees",561,
m00201,Kao Corp.,JP,38.0,pct,%,vague,register_extraction,,,,38%,562,
m00202,"Mitsui Chemicals, Inc.",JP,80.0,pct,%,vague,register_extraction,,,,80%,568,
m00203,"Mitsui Chemicals, Inc.",JP,60.0,pct,%,vague,register_extraction,,,,60%,570,
m00204,Nitto Denko,JP,90.0,pct,%,vague,register_extraction,,,,90%,572,
m00205,Resonac Corp.,JP,95.0,pct,%,vague,register_extraction,,,,95%,574,
m00206,Resonac Corp.,JP,40.8,pct,%,vague,register_extraction,,,,40.8%,575,
m00207,Resonac Corp.,JP,3.2,pct,%,vague,register_extraction,,,,3.2%,575,
m00208,Resonac Corp.,JP,40.0,pct,%,vague,register_extraction,,,,~40%,575,
m00209,"Sumitomo Chemical Co., Ltd.",JP,50.0,pct,%,vague,register_extraction,,,,50%,579,
m00210,KDDI Corp.,JP,6.0,pct,%,vague,register_extraction,,,,+6%,586,
m00211,SoftBank Group Corp.,JP,2500000.0,count,agents,users_claim,register_extraction,,,,2.5M+ agents,589,
m00212,SoftBank Group Corp.,JP,86.0,pct,%,vague,register_extraction,,,,86%,589,
m00213,SoftBank Group Corp.,JP,19000.0,count,users,users_claim,register_extraction,,,,"19,000 users",589,
m00214,Haseko Corp.,JP,50.0,pct,%,vague,register_extraction,,,,50%,594,
m00215,Kajima Corp.,JP,20000.0,count,employees,users_claim,register_extraction,,,,"20,000 employees",597,
m00216,Kajima Corp.,JP,20000.0,count,employees,users_claim,register_extraction,,,,"20,000 employees",597,
m00217,Kajima Corp.,JP,75.0,pct,%,vague,register_extraction,,,,75%,598,
m00218,"Sekisui House, Ltd.",JP,31.0,pct,%,vague,register_extraction,,,,31%,601,
m00219,"Sekisui House, Ltd.",JP,12.0,pct,%,vague,register_extraction,,,,12%,601,
m00220,"Sekisui House, Ltd.",JP,9.0,pct,%,vague,register_extraction,,,,9%,601,
m00221,Shimizu Corp.,JP,4000.0,count,users,users_claim,register_extraction,,,,"4,000 users",603,
m00222,Shimizu Corp.,JP,4000.0,count,users,users_claim,register_extraction,,,,"4,000 users",603,
m00223,Taisei Corp.,JP,90.0,pct,%,vague,register_extraction,,,,90%,605,
m00224,Taisei Corp.,JP,85.0,pct,%,vague,register_extraction,,,,85%,606,
m00225,"Hitachi, Ltd.",JP,290000.0,count,employees,users_claim,register_extraction,,,,"290,000 employees",620,
m00226,"Hitachi, Ltd.",JP,290000.0,count,employees,users_claim,register_extraction,,,,"290,000 employees",620,
m00227,"Murata Manufacturing Co., Ltd.",JP,30000.0,count,users,users_claim,register_extraction,,,,"30,000 users",629,
m00228,"Murata Manufacturing Co., Ltd.",JP,70.0,pct,%,vague,register_extraction,,,,70%,629,
m00229,Panasonic Corp.,JP,180000.0,count,employees,users_claim,register_extraction,,,,"180,000 employees",635,
m00230,Panasonic Corp.,JP,30.0,pct,%,vague,register_extraction,,,,30%,635,
m00231,"Ricoh Co., Ltd.",JP,85.0,pct,%,vague,register_extraction,,,,85%,638,
m00232,"Rohm Co., Ltd.",JP,3.0,pct,%,vague,register_extraction,,,,3%,640,
m00233,Sony Corp.,JP,57000.0,count,employees,users_claim,register_extraction,,,,"57,000 employees",646,
m00234,TDK Corp.,JP,80.0,pct,%,vague,register_extraction,,,,80%,651,
m00235,TDK Corp.,JP,10.0,pct,%,vague,register_extraction,,,,10%,651,
m00236,Yokogawa Electric Corp.,JP,40.0,pct,%,vague,register_extraction,,,,~40%,654,
m00237,Yokogawa Electric Corp.,JP,40.0,pct,%,vague,register_extraction,,,,~40%,654,
m00238,"Kansai Electric Power Co., Inc.",JP,8300.0,count,employees,users_claim,register_extraction,,,,"8,300 employees",658,
m00239,"Tokyo Electric Power Company Holdings, Incorporated",JP,90.0,pct,%,vague,register_extraction,,,,90%,659,
m00240,"Ajinomoto Co., Inc.",JP,76.0,pct,%,vague,register_extraction,,,,76%,662,
m00241,"Ajinomoto Co., Inc.",JP,80.0,pct,%,vague,register_extraction,,,,80%,663,
m00242,Japan Tobacco Inc.,JP,20.0,pct,%,vague,register_extraction,,,,~20%,667,
m00243,"Kirin Holdings Co, Ltd",JP,15000.0,count,employees,users_claim,register_extraction,,,,"15,000 employees",671,
m00244,"Kirin Holdings Co, Ltd",JP,70.0,pct,%,vague,register_extraction,,,,70%,671,
m00245,"Meiji Holdings Company, Limited",JP,10000.0,count,employees,users_claim,register_extraction,,,,"10,000 employees",672,
m00246,"Meiji Holdings Company, Limited",JP,10000.0,count,employees,users_claim,register_extraction,,,,"10,000 employees",672,
m00247,"Meiji Holdings Company, Limited",JP,30.0,count,users,users_claim,register_extraction,,,,30+ users,673,
m00248,"Meiji Holdings Company, Limited",JP,-90.0,pct,%,vague,register_extraction,,,,-90%,673,
m00249,Nichirei Corp.,JP,70.0,pct,%,vague,register_extraction,,,,~70%,676,
m00250,Nichirei Corp.,JP,2000.0,count,users,users_claim,register_extraction,,,,"2,000 users",677,
m00251,Nichirei Corp.,JP,37.0,pct,%,vague,register_extraction,,,,37%,677,
m00252,Sapporo Holdings Ltd.,JP,6000.0,count,employees,users_claim,register_extraction,,,,"6,000 employees",679,
m00253,Sapporo Holdings Ltd.,JP,6000.0,count,employees,users_claim,register_extraction,,,,"6,000 employees",679,
m00254,"Osaka Gas Co., Ltd.",JP,6000.0,count,employees,users_claim,register_extraction,,,,"6,000 employees",680,
m00255,"Osaka Gas Co., Ltd.",JP,70.0,pct,%,vague,register_extraction,,,,70%,680,
m00256,"Tokyo Gas Co., Ltd.",JP,3500.0,count,employees,users_claim,register_extraction,,,,"3,500 employees",682,
m00257,AGC Inc.,JP,70.0,pct,%,vague,register_extraction,,,,70%,685,
m00258,Toto Ltd.,JP,90.0,pct,%,vague,register_extraction,,,,~90%,692,
m00259,"Dai-ichi Life Insurance Company, Limited",JP,20.0,pct,%,vague,register_extraction,,,,~20%,694,
m00260,"Sompo Holdings, Inc.",JP,30000.0,count,employees,users_claim,register_extraction,,,,"30,000 employees",698,
m00261,Nippon Express Holdings Inc.,JP,33000.0,count,employees,users_claim,register_extraction,,,,"33,000 employees",702,
m00262,"Yamato Holdings Co., Ltd.",JP,30.0,pct,%,vague,register_extraction,,,,~30%,704,
m00263,"Yamato Holdings Co., Ltd.",JP,25.0,pct,%,vague,register_extraction,,,,25%,704,
m00264,"Yamato Holdings Co., Ltd.",JP,25.0,pct,%,vague,register_extraction,,,,25%,704,
m00265,"Daikin Industries, Ltd.",JP,96.0,pct,%,vague,register_extraction,,,,96%,708,
m00266,Ebara Corp.,JP,33.0,pct,%,vague,register_extraction,,,,33%,710,
m00267,NTN Corp.,JP,80.0,pct,%,vague,register_extraction,,,,~80%,724,
m00268,"Mitsui O.S.K. Lines, Ltd.",JP,-70.0,pct,%,vague,register_extraction,,,,-70%,730,
m00269,"Mitsui O.S.K. Lines, Ltd.",JP,98.0,pct,%,vague,register_extraction,,,,98%,730,
m00270,Inpex Corp.,JP,3500.0,count,employees,users_claim,register_extraction,,,,"3,500 employees",732,
m00271,Inpex Corp.,JP,3500.0,count,employees,users_claim,register_extraction,,,,"3,500 employees",732,
m00272,Inpex Corp.,JP,60.0,pct,%,vague,register_extraction,,,,60%,733,
m00273,Inpex Corp.,JP,60.0,pct,%,vague,register_extraction,,,,60%,733,
m00274,"Mitsui Mining & Smelting Co., Ltd.",JP,-40.0,pct,%,vague,register_extraction,,,,-40%,738,
m00275,"Sumitomo Electric Industries, Ltd.",JP,290000.0,count,users,users_claim,register_extraction,,,,"290,000 users",740,
m00276,"Sumitomo Electric Industries, Ltd.",JP,290000.0,count,employees,users_claim,register_extraction,,,,"290,000 employees",740,
m00277,"Credit Saison Co., Ltd.",JP,954.0,pct,%,vague,register_extraction,,,,954%,743,
m00278,"Credit Saison Co., Ltd.",JP,3700.0,count,employees,users_claim,register_extraction,,,,"3,700 employees",743,
m00279,"Dai Nippon Printing Co., Ltd.",JP,50.0,pct,%,vague,register_extraction,,,,50%,748,
m00280,"Toppan Printing Co., Ltd.",JP,70.0,pct,%,vague,register_extraction,,,,~70%,749,
m00281,Eneos Holdings,JP,40.0,pct,%,vague,register_extraction,,,,~40%,751,
m00282,"Idemitsu Kosan Co., Ltd",JP,25.0,pct,%,vague,register_extraction,,,,25%,752,
m00283,Takeda Pharmaceutical Company Limited,JP,1700000000.0,USD,currency,investment,register_extraction,,,,$1.7bn,761,
m00284,Hoya Corporation,JP,50000.0,count,patients,users_claim,register_extraction,,,,"50,000 patients",764,
m00285,Nikon Corp.,JP,99.0,pct,%,vague,register_extraction,,,,99%,767,
m00286,Oji Holdings Corporation,JP,12000.0,count,employees,users_claim,register_extraction,,,,"12,000 employees",770,
m00287,East Japan Railway Company,JP,50.0,pct,%,vague,register_extraction,,,,50%,773,
m00288,Keio Corp.,JP,2700.0,count,users,users_claim,register_extraction,,,,"2,700+ users",775,
m00289,Keio Corp.,JP,94.0,pct,%,vague,register_extraction,,,,94%,775,
m00290,West Japan Railway Company,JP,900.0,count,employees,users_claim,register_extraction,,,,900 employees,781,
m00291,"Aeon Co., Ltd.",JP,390.0,count,stores,users_claim,register_extraction,,,,390 stores,787,
m00292,"Aeon Co., Ltd.",JP,390.0,count,stores,users_claim,register_extraction,,,,390 stores,787,
m00293,"Nitori Holdings Co., Ltd.",JP,30.0,count,employees,users_claim,register_extraction,,,,30 employees,793,
m00294,"Seven & I Holdings Co., Ltd.",JP,8000.0,count,employees,users_claim,register_extraction,,,,"8,000 employees",795,
m00295,"Seven & I Holdings Co., Ltd.",JP,90.0,pct,%,vague,register_extraction,,,,90%,795,
m00296,"Takashimaya Co., Ltd.",JP,5.0,count,stores,users_claim,register_extraction,,,,5 stores,797,
m00297,"ZOZO Co., Ltd",JP,97.0,pct,%,vague,register_extraction,,,,97%,798,
m00298,Bridgestone Corp.,JP,15.0,pct,%,vague,register_extraction,,,,15%,799,
m00299,Bridgestone Corp.,JP,41.0,pct,%,vague,register_extraction,,,,41%,799,
m00300,"Yokohama Rubber Co., Ltd.",JP,50.0,pct,%,vague,register_extraction,,,,50%,800,
m00301,"Dena Co., Ltd.",JP,2000.0,count,employees,users_claim,register_extraction,,,,"2,000+ employees",805,
m00302,"Dena Co., Ltd.",JP,2000.0,count,employees,users_claim,register_extraction,,,,"2,000+ employees",805,
m00303,Dentsu Inc.,JP,1000.0,count,employees,users_claim,register_extraction,,,,"1,000 employees",806,
m00304,Dentsu Inc.,JP,1000.0,count,employees,users_claim,register_extraction,,,,"1,000 employees",806,
m00305,LY Corporation,JP,100.0,pct,%,vague,register_extraction,,,,~100%,809,
m00306,LY Corporation,JP,30.0,pct,%,vague,register_extraction,,,,30%,809,
m00307,LY Corporation,JP,20000.0,count,employees,users_claim,register_extraction,,,,"20,000 employees",809,
m00308,Mercari Inc.,JP,95.0,pct,%,vague,register_extraction,,,,95%,810,
m00309,Mercari Inc.,JP,64.0,pct,%,vague,register_extraction,,,,64%,810,
m00310,Rakuten Inc.,JP,-43.0,pct,%,vague,register_extraction,,,,-43%,815,
m00311,SHIFT Inc.,JP,80.0,pct,%,vague,register_extraction,,,,80%,818,
m00312,"JFE Holdings, Inc.",JP,30.0,pct,%,vague,register_extraction,,,,~30%,822,
m00313,Itochu Corp.,JP,4200.0,count,users,users_claim,register_extraction,,,,"4,200 users",828,
m00314,Itochu Corp.,JP,4200.0,count,users,users_claim,register_extraction,,,,"4,200 users",828,
m00315,Marubeni Corp.,JP,10000.0,count,users,users_claim,register_extraction,,,,"10,000+ users",829,
m00316,Mitsubishi Corp.,JP,97.0,pct,%,vague,register_extraction,,,,97%,830,
m00317,Sumitomo Corp.,JP,90.0,pct,%,vague,register_extraction,,,,90%,833,
m00318,Sumitomo Corp.,JP,9000.0,count,employees,users_claim,register_extraction,,,,"9,000 employees",833,
m00319,Sumitomo Corp.,JP,5000.0,count,employees,users_claim,register_extraction,,,,"5,000 employees",833,
m00320,LG Energy Solution,KR,50.0,pct,%,vague,register_extraction,,,,+50%,838,
m00321,Celltrion,KR,90.0,pct,%,vague,register_extraction,,,,90%,840,
m00322,Samsung SDI,KR,-30.0,pct,%,vague,register_extraction,,,,-30%,845,
m00323,Samsung SDI,KR,5.0,pct,%,vague,register_extraction,,,,5%,845,
m00324,Samsung C&T,KR,90.0,pct,%,vague,register_extraction,,,,90%,846,
m00325,Samsung C&T,KR,30.0,pct,%,vague,register_extraction,,,,30%,846,
m00326,HD Hyundai Heavy Industries,KR,30.0,pct,%,vague,register_extraction,,,,+30%,857,
m00327,LG Electronics,KR,-99.0,pct,%,vague,register_extraction,,,,-99%,858,
m00328,LG Electronics,KR,99.0,pct,%,vague,register_extraction,,,,99%,858,
m00329,Samsung Fire & Marine,KR,90.0,pct,%,vague,register_extraction,,,,~90%,859,
m00330,Samsung Fire & Marine,KR,90.0,pct,%,vague,register_extraction,,,,~90%,859,
m00331,SK Innovation,KR,-97.0,pct,%,vague,register_extraction,,,,-97%,860,
m00332,SK Innovation,KR,95.0,pct,%,vague,register_extraction,,,,95%,860,
m00333,SK Innovation,KR,95.0,pct,%,vague,register_extraction,,,,95%,860,
m00334,Hanwha Ocean,KR,100.0,pct,%,vague,register_extraction,,,,100%,861,
m00335,Hanwha Ocean,KR,100.0,pct,%,vague,register_extraction,,,,100%,861,
m00336,Woori Financial,KR,175.0,count,agents,users_claim,register_extraction,,,,175 agents,864,
m00337,HMM,KR,-4.0,pct,%,vague,register_extraction,,,,-4%,867,
m00338,HMM,KR,-4.0,pct,%,vague,register_extraction,,,,-4%,867,
m00339,SK Telecom,KR,100000000.0,USD,currency,investment,register_extraction,,,,$100M,868,
m00340,Ecopro Materials,KR,30.0,pct,%,vague,register_extraction,,,,+30%,875,
m00341,LG Innotek,KR,-90.0,pct,%,vague,register_extraction,,,,-90%,877,
m00342,LG Innotek,KR,-90.0,pct,%,vague,register_extraction,,,,-90%,877,
m00343,SK Biopharm,KR,-60.0,pct,%,vague,register_extraction,,,,-60%,879,
m00344,Hyundai E&C,KR,-90.0,pct,%,vague,register_extraction,,,,-90%,885,
m00345,Hyundai E&C,KR,-30.0,pct,%,vague,register_extraction,,,,-30%,885,
m00346,HD Hyundai Electric,KR,93.0,pct,%,vague,register_extraction,,,,93%,889,
m00347,HD Hyundai Electric,KR,70.0,pct,%,vague,register_extraction,,,,+70%,889,
m00348,HD Hyundai Electric,KR,93.0,pct,%,vague,register_extraction,,,,93%,889,
m00349,GS,KR,-50.0,pct,%,vague,register_extraction,,,,-50%,900,
m00350,GS,KR,2800.0,count,employees,users_claim,register_extraction,,,,"2,800 employees",900,
m00351,Hanmi Semiconductor,KR,150.0,count,staff,users_claim,register_extraction,,,,150 staff,910,
m00352,Hybe,KR,56.1,pct,%,vague,register_extraction,,,,56.1%,911,
m00353,GS Retail,KR,168.0,pct,%,vague,register_extraction,,,,+168%,929,
m00354,GS Retail,KR,102.0,pct,%,vague,register_extraction,,,,+102%,929,
m00355,Nongshim,KR,-20.0,pct,%,vague,register_extraction,,,,-20%,930,
m00356,Cheil Worldwide,KR,-90.0,pct,%,vague,register_extraction,,,,-90%,933,
m00357,POSCO International,KR,95.0,pct,%,vague,register_extraction,,,,95%,937,
m00358,POSCO International,KR,95.0,pct,%,vague,register_extraction,,,,95%,937,
m00359,Cosumar,MA,30.0,pct,%,vague,register_extraction,,,,30%,952,
m00360,Sberbank,RU,50.0,pct,%,vague,register_extraction,,,,~50%,970,
m00361,Alrosa,RU,11.0,pct,%,vague,register_extraction,,,,+11%,973,
m00362,Norilsk Nickel,RU,0.7,pct,%,vague,register_extraction,,,,+0.7%,982,
m00363,Norilsk Nickel,RU,0.7,pct,%,vague,register_extraction,,,,+0.7%,982,
m00364,Rostelecom,RU,25.0,pct,%,vague,register_extraction,,,,+25%,988,
m00365,Sovcombank,RU,10.0,count,employees,users_claim,register_extraction,,,,10 employees,996,
m00366,AstraZeneca,UK,555000000.0,USD,currency,investment,register_extraction,,,,$555m,1018,
m00367,AstraZeneca,UK,555000000.0,USD,currency,investment,register_extraction,,,,$555m,1018,
m00368,Auto Trader Group,UK,85.0,pct,%,vague,register_extraction,,,,85%,1019,
m00369,Aviva,UK,230000000.0,GBP,currency,vague,register_extraction,,,,£230m,1020,
m00370,Aviva,UK,230000000.0,GBP,currency,vague,register_extraction,,,,£230m,1020,
m00371,BAE Systems,UK,3900000.0,USD,currency,vague,register_extraction,,,,$3.9m,1023,
m00372,BAE Systems,UK,3900000.0,USD,currency,investment,register_extraction,,,,$3.9m,1023,
m00373,BP,UK,2.0,pct,%,vague,register_extraction,,,,~2%,1026,
m00374,British American Tobacco,UK,600000000.0,GBP,currency,savings_claim,register_extraction,,,,£600m,1027,
m00375,BT Group,UK,50.0,pct,%,vague,register_extraction,,,,~50%,1029,
m00376,BT Group,UK,50.0,pct,%,vague,register_extraction,,,,50%,1029,
m00377,Diageo,UK,312000000.0,USD,currency,savings_claim,register_extraction,,,,$312m,1040,
m00378,Entain,UK,98.0,pct,%,vague,register_extraction,,,,+98%,1043,
m00379,GSK,UK,950000000.0,USD,currency,investment,register_extraction,,,,$950m,1049,
m00380,GSK,UK,950000000.0,USD,currency,investment,register_extraction,,,,$950m,1049,
m00381,Hiscox,UK,636000000.0,GBP,currency,vague,register_extraction,,,,£636m,1052,
m00382,Hiscox,UK,636000000.0,GBP,currency,users_claim,register_extraction,,,,£636m,1052,
m00383,HSBC,UK,100000000.0,USD,currency,vague,register_extraction,,,,$100m,1054,
m00384,HSBC,UK,1800000000.0,USD,currency,vague,register_extraction,,,,$1.8bn,1054,
m00385,Kingfisher,UK,10.0,pct,%,vague,register_extraction,,,,~10%,1066,
m00386,Kingfisher,UK,2000.0,count,stores,users_claim,register_extraction,,,,"2,000+ stores",1066,
m00387,Land Securities (Landsec),UK,75.0,pct,%,vague,register_extraction,,,,75%,1067,
m00388,Lloyds Banking Group,UK,93.0,pct,%,vague,register_extraction,,,,93%,1069,
m00389,Lloyds Banking Group,UK,93.0,pct,%,vague,register_extraction,,,,93%,1069,
m00390,London Stock Exchange Group,UK,1000000000.0,GBP,currency,revenue_claim,register_extraction,,,,£1bn,1072,
m00391,Marks & Spencer,UK,140000000.0,GBP,currency,investment,register_extraction,,,,£140m,1074,
m00392,Marks & Spencer,UK,11000.0,count,employees,users_claim,register_extraction,,,,"11,000+ employees",1074,
m00393,Marks & Spencer,UK,500.0,count,stores,users_claim,register_extraction,,,,500+ stores,1074,
m00394,National Grid,UK,100000000.0,USD,currency,investment,register_extraction,,,,$100m,1078,
m00395,National Grid,UK,100000000.0,USD,currency,investment,register_extraction,,,,$100m,1078,
m00396,NatWest Group,UK,1600000000.0,USD,currency,investment,register_extraction,,,,$1.6bn,1079,
m00397,Prudential,UK,2300.0,count,employees,users_claim,register_extraction,,,,"2,300+ employees",1085,
m00398,Reckitt,UK,60.0,pct,%,vague,register_extraction,,,,+60%,1086,
m00399,Segro,UK,12600000000.0,GBP,currency,vague,register_extraction,,,,£12.6bn,1095,
m00400,Spirax Group,UK,100000.0,GBP,currency,savings_claim,register_extraction,,,,£100k,1100,
m00401,Standard Chartered,UK,70000.0,count,employees,users_claim,register_extraction,,,,"70,000+ employees",1102,
m00402,Standard Chartered,UK,80000.0,count,employees,users_claim,register_extraction,,,,"80,000 employees",1102,
m00403,Tesco,UK,1500000000.0,GBP,currency,savings_claim,register_extraction,,,,£1.5bn,1105,
m00404,Tesco,UK,500000000.0,GBP,currency,savings_claim,register_extraction,,,,£500m,1105,
m00405,Tritax Big Box REIT,UK,800000000.0,GBP,currency,vague,register_extraction,,,,£800m,1106,
m00406,United Utilities,UK,60.0,pct,%,vague,register_extraction,,,,60%,1108,
m00407,Vodafone Group,UK,140000000.0,EUR,currency,investment,register_extraction,,,,€140m,1109,
m00408,Vodafone Group,UK,151000000.0,USD,currency,investment,register_extraction,,,,$151m,1109,
m00409,Vodafone Group,UK,90.0,pct,%,vague,register_extraction,,,,90%,1109,
m00410,Vodafone Group,UK,90.0,pct,%,vague,register_extraction,,,,90%,1109,
m00411,AbbVie,US,30000000.0,USD,currency,vague,register_extraction,,,,$30M,1114,
m00412,Accenture,US,2700000000.0,USD,currency,revenue_claim,register_extraction,,,,$2.7B,1115,
m00413,Accenture,US,5900000000.0,USD,currency,revenue_claim,register_extraction,,,,$5.9B,1115,
m00414,Accenture,US,2700000000.0,USD,currency,revenue_claim,register_extraction,,,,$2.7B,1115,
m00415,Accenture,US,5900000000.0,USD,currency,revenue_claim,register_extraction,,,,$5.9B,1115,
m00416,Advanced Micro Devices,US,16600000000.000002,USD,currency,revenue_claim,register_extraction,,,,$16.6B,1117,
m00417,Advanced Micro Devices,US,16600000000.000002,USD,currency,vague,register_extraction,,,,$16.6B,1117,
m00418,Advanced Micro Devices,US,32.0,pct,%,vague,register_extraction,,,,+32%,1117,
m00419,Airbnb,US,33.0,pct,%,vague,register_extraction,,,,~33%,1122,
m00420,Albemarle Corporation,US,50000000.0,USD,currency,savings_claim,register_extraction,,,,$50M,1124,
m00421,Altria,US,600000000.0,USD,currency,savings_claim,register_extraction,,,,$600M,1132,
m00422,Amazon,US,12000000000.0,USD,currency,revenue_claim,register_extraction,,,,$12B,1133,
m00423,Amcor,US,500000.0,USD,currency,investment,register_extraction,,,,$500K,1134,
m00424,American Express,US,100.0,pct,%,vague,register_extraction,,,,100%,1137,
m00425,American International Group,US,90.0,pct,%,vague,register_extraction,,,,90%,1138,
m00426,American International Group,US,90.0,pct,%,vague,register_extraction,,,,90%,1138,
m00427,Amgen,US,50.0,pct,%,vague,register_extraction,,,,~50%,1143,
m00428,Apollo Global Management,US,35000000000.0,USD,currency,investment,register_extraction,,,,$35B,1148,
m00429,AppLovin,US,1840000000.0,USD,currency,vague,register_extraction,,,,$1.84B,1151,
m00430,AppLovin,US,85.0,pct,%,vague,register_extraction,,,,85%,1151,
m00431,AT&T,US,84.0,pct,%,vague,register_extraction,,,,84%,1159,
m00432,AT&T,US,100000.0,count,users,users_claim,register_extraction,,,,100K users,1159,
m00433,Bank of America,US,50000000.0,count,users,users_claim,register_extraction,,,,50M users,1168,
m00434,Bank of America,US,58000000.0,count,interactions,users_claim,register_extraction,,,,58M+ interactions,1168,
m00435,Biogen,US,15000000.0,USD,currency,vague,register_extraction,,,,$15M,1174,
m00436,Biogen,US,41000000.0,USD,currency,vague,register_extraction,,,,$41M,1174,
m00437,Blackstone Inc.,US,70000000000.0,USD,currency,investment,register_extraction,,,,$70B,1176,
m00438,Blackstone Inc.,US,5000000000.0,USD,currency,investment,register_extraction,,,,$5B,1176,
m00439,BNY Mellon,US,98.0,pct,%,vague,register_extraction,,,,98%,1178,
m00440,Bristol Myers Squibb,US,400000000.0,USD,currency,users_claim,register_extraction,,,,$400M,1182,
m00441,Broadcom,US,8400000000.0,USD,currency,revenue_claim,register_extraction,,,,$8.4B,1183,
m00442,Broadcom,US,8400000000.0,USD,currency,revenue_claim,register_extraction,,,,$8.4B,1183,
m00443,Broadcom,US,100000000000.0,USD,currency,revenue_claim,register_extraction,,,,$100B,1183,
m00444,Broadcom,US,106.0,pct,%,vague,register_extraction,,,,+106%,1183,
m00445,Brown & Brown,US,25.0,pct,%,vague,register_extraction,,,,~25%,1185,
m00446,Brown & Brown,US,25.0,pct,%,vague,register_extraction,,,,25%,1185,
m00447,Bunge Global,US,100.0,pct,%,vague,register_extraction,,,,100%,1188,
m00448,Bunge Global,US,100.0,pct,%,vague,register_extraction,,,,100%,1188,
m00449,Casey's,US,2600.0,count,stores,users_claim,register_extraction,,,,"2,600+ stores",1198,
m00450,Casey's,US,2900.0,count,stores,users_claim,register_extraction,,,,"2,900+ stores",1198,
m00451,CDW Corporation,US,10000.0,count,employees,users_claim,register_extraction,,,,"10,000 employees",1202,
m00452,CDW Corporation,US,10000.0,count,employees,users_claim,register_extraction,,,,"10,000 employees",1202,
m00453,Cencora,US,-83.0,pct,%,vague,register_extraction,,,,-83%,1203,
m00454,Cencora,US,1000000000.0,USD,currency,investment,register_extraction,,,,$1B,1203,
m00455,Charter Communications,US,8000000000.0,USD,currency,savings_claim,register_extraction,,,,$8B,1209,
m00456,Charter Communications,US,8000000000.0,USD,currency,savings_claim,register_extraction,,,,$8B,1209,
m00457,Chipotle Mexican Grill,US,75.0,pct,%,vague,register_extraction,,,,~75%,1211,
m00458,Chipotle Mexican Grill,US,75.0,pct,%,vague,register_extraction,,,,~75%,1211,
m00459,Church & Dwight,US,82.0,pct,%,vague,register_extraction,,,,82%,1213,
m00460,Cigna,US,100000000.0,USD,currency,vague,register_extraction,,,,$100M,1215,
m00461,Cigna,US,100000000.0,USD,currency,vague,register_extraction,,,,$100M,1215,
m00462,Cintas,US,30.0,pct,%,vague,register_extraction,,,,~30%,1217,
m00463,Cintas,US,30.0,pct,%,vague,register_extraction,,,,30%,1217,
m00464,Citigroup,US,140000.0,count,employees,users_claim,register_extraction,,,,"140,000 employees",1219,
m00465,Citigroup,US,140000.0,count,employees,users_claim,register_extraction,,,,"140,000 employees",1219,
m00466,Citizens Financial Group,US,450000000.0,USD,currency,savings_claim,register_extraction,,,,$450M,1220,
m00467,Citizens Financial Group,US,450000000.0,USD,currency,savings_claim,register_extraction,,,,$450M,1220,
m00468,Clorox,US,580000000.0,USD,currency,vague,register_extraction,,,,$580M,1221,
m00469,CMS Energy,US,40000000.0,USD,currency,vague,register_extraction,,,,$40M,1223,
m00470,Cognizant,US,1000000000.0,USD,currency,investment,register_extraction,,,,$1B,1225,
m00471,Consolidated Edison,US,4000000.0,count,customers,users_claim,register_extraction,,,,4M+ customers,1232,
m00472,Corning Inc.,US,6000000000.0,USD,currency,investment,register_extraction,,,,$6B,1237,
m00473,Costco,US,100000000.0,USD,currency,savings_claim,register_extraction,,,,$100M,1241,
m00474,Costco,US,100000000.0,USD,currency,savings_claim,register_extraction,,,,$100M,1241,
m00475,DaVita,US,15.0,pct,%,vague,register_extraction,,,,15%,1251,
m00476,DaVita,US,15.0,pct,%,vague,register_extraction,,,,15%,1251,
m00477,Deere & Company,US,50.0,pct,%,vague,register_extraction,,,,~50%,1253,
m00478,Deere & Company,US,50.0,pct,%,vague,register_extraction,,,,~50%,1253,
m00479,Delta Air Lines,US,20.0,pct,%,vague,register_extraction,,,,~20%,1255,
m00480,Delta Air Lines,US,3.0,pct,%,vague,register_extraction,,,,3%,1255,
m00481,Delta Air Lines,US,20.0,pct,%,vague,register_extraction,,,,~20%,1255,
m00482,Devon Energy,US,12.0,pct,%,vague,register_extraction,,,,12%,1256,
m00483,Devon Energy,US,15.0,pct,%,vague,register_extraction,,,,15%,1256,
m00484,Devon Energy,US,5.0,pct,%,vague,register_extraction,,,,5%,1256,
m00485,Devon Energy,US,12.0,pct,%,vague,register_extraction,,,,12%,1256,
m00486,Devon Energy,US,15.0,pct,%,vague,register_extraction,,,,15%,1256,
m00487,Devon Energy,US,5.0,pct,%,vague,register_extraction,,,,5%,1256,
m00488,Dollar General,US,3000.0,count,stores,users_claim,register_extraction,,,,"3,000 stores",1260,
m00489,Dollar General,US,3000.0,count,stores,users_claim,register_extraction,,,,"3,000 stores",1260,
m00490,Electronic Arts,US,60.0,pct,%,vague,register_extraction,,,,~60%,1277,
m00491,Electronic Arts,US,60.0,pct,%,vague,register_extraction,,,,~60%,1277,
m00492,Equity Residential,US,84.0,pct,%,vague,register_extraction,,,,84%,1286,
m00493,Equity Residential,US,84.0,pct,%,vague,register_extraction,,,,84%,1286,
m00494,First Solar,US,1100000000.0,USD,currency,vague,register_extraction,,,,$1.1B,1308,
m00495,Flex Ltd.,US,30.0,pct,%,vague,register_extraction,,,,~30%,1311,
m00496,Flex Ltd.,US,30.0,pct,%,vague,register_extraction,,,,~30%,1311,
m00497,Gen Digital,US,90.0,pct,%,vague,register_extraction,,,,90%,1324,
m00498,Gen Digital,US,90.0,pct,%,vague,register_extraction,,,,90%,1324,
m00499,General Mills,US,3000000000.0,USD,currency,savings_claim,register_extraction,,,,$3B,1327,
m00500,Gilead Sciences,US,35000000.0,USD,currency,vague,register_extraction,,,,$35M,1330,
m00501,Goldman Sachs,US,46000.0,count,employees,users_claim,register_extraction,,,,"46,000 employees",1334,
m00502,Henry Schein,US,-70.0,pct,%,vague,register_extraction,,,,-70%,1340,
m00503,Henry Schein,US,-70.0,pct,%,vague,register_extraction,,,,-70%,1340,
m00504,Hershey Company (The),US,100000000.0,USD,currency,savings_claim,register_extraction,,,,$100M,1341,
m00505,Hershey Company (The),US,100000000.0,USD,currency,vague,register_extraction,,,,$100M,1341,
m00506,Huntington Bancshares,US,-15.0,pct,%,vague,register_extraction,,,,-15%,1353,
m00507,Huntington Bancshares,US,-15.0,pct,%,vague,register_extraction,,,,-15%,1353,
m00508,IBM,US,12000000000.0,USD,currency,vague,register_extraction,,,,$12B,1355,
m00509,IBM,US,12000000000.0,USD,currency,vague,register_extraction,,,,$12B,1355,
m00510,Incyte,US,80000000.0,USD,currency,vague,register_extraction,,,,$80M,1359,
m00511,Incyte,US,40000000.0,USD,currency,vague,register_extraction,,,,$40M,1359,
m00512,J.B. Hunt,US,2000000000.0,USD,currency,users_claim,register_extraction,,,,$2B,1373,
m00513,Johnson & Johnson,US,50.0,pct,%,vague,register_extraction,,,,~50%,1377,
m00514,Johnson & Johnson,US,50.0,pct,%,vague,register_extraction,,,,~50%,1377,
m00515,JPMorgan Chase,US,1500000000.0,USD,currency,vague,register_extraction,,,,$1.5B,1379,
m00516,JPMorgan Chase,US,-20.0,pct,%,vague,register_extraction,,,,-20%,1379,
m00517,JPMorgan Chase,US,1500000000.0,USD,currency,users_claim,register_extraction,,,,$1.5B,1379,
m00518,JPMorgan Chase,US,250000.0,count,employees,users_claim,register_extraction,,,,250K employees,1379,
m00519,JPMorgan Chase,US,-20.0,pct,%,vague,register_extraction,,,,-20%,1379,
m00520,Kimberly-Clark,US,140000000.0,USD,currency,savings_claim,register_extraction,,,,$140M,1384,
m00521,Kimberly-Clark,US,140000000.0,USD,currency,savings_claim,register_extraction,,,,$140M,1384,
m00522,Kraft Heinz,US,50.0,pct,%,vague,register_extraction,,,,~50%,1389,
m00523,Kraft Heinz,US,50.0,pct,%,vague,register_extraction,,,,~50%,1389,
m00524,Leidos,US,869000000.0,USD,currency,vague,register_extraction,,,,$869M,1395,
m00525,Lilly (Eli),US,1000000000.0,USD,currency,users_claim,register_extraction,,,,$1B,1398,
m00526,Lowe's,US,1700.0,count,stores,users_claim,register_extraction,,,,"1,700+ stores",1403,
m00527,Marsh McLennan,US,85000.0,count,employees,users_claim,register_extraction,,,,"85,000+ employees",1410,
m00528,Marsh McLennan,US,85000.0,count,employees,users_claim,register_extraction,,,,"85,000+ employees",1410,
m00529,Mastercard,US,-300.0,pct,%,vague,register_extraction,,,,-300%,1414,
m00530,McDonald's,US,90.0,pct,%,vague,register_extraction,,,,~90%,1416,
m00531,McDonald's,US,90.0,pct,%,vague,register_extraction,,,,~90%,1416,
m00532,Medtronic,US,50.0,pct,%,vague,register_extraction,,,,~50%,1418,
m00533,Medtronic,US,50.0,pct,%,vague,register_extraction,,,,~50%,1418,
m00534,Merck & Co.,US,1000000000.0,USD,currency,vague,register_extraction,,,,$1B,1419,
m00535,Meta Platforms,US,70.0,USD,currency,investment,register_extraction,,,,$70,1420,
m00536,Meta Platforms,US,70.0,USD,currency,investment,register_extraction,,,,$70,1420,
m00537,Microsoft,US,37000000000.0,USD,currency,vague,register_extraction,,,,$37B,1426,
m00538,Microsoft,US,37000000000.0,USD,currency,vague,register_extraction,,,,$37B,1426,
m00539,Microsoft,US,123.0,pct,%,vague,register_extraction,,,,+123%,1426,
m00540,Moderna,US,100.0,pct,%,vague,register_extraction,,,,~100%,1428,
m00541,Moody's Corporation,US,30.0,pct,%,vague,register_extraction,,,,~30%,1433,
m00542,Moody's Corporation,US,30.0,pct,%,vague,register_extraction,,,,~30%,1433,
m00543,Mosaic Company (The),US,300000000.0,USD,currency,vague,register_extraction,,,,$300M,1435,
m00544,Newmont,US,100000000.0,USD,currency,vague,register_extraction,,,,$100M,1441,
m00545,Nvidia,US,41100000000.0,USD,currency,vague,register_extraction,,,,$41.1B,1454,
m00546,Nvidia,US,41100000000.0,USD,currency,revenue_claim,register_extraction,,,,$41.1B,1454,
m00547,Nvidia,US,80.0,pct,%,vague,register_extraction,,,,~80%,1454,
m00548,Oracle Corporation,US,455000000000.0,USD,currency,vague,register_extraction,,,,$455B,1463,
m00549,Oracle Corporation,US,455000000000.0,USD,currency,vague,register_extraction,,,,$455B,1463,
m00550,Palantir Technologies,US,4500000000.0,USD,currency,revenue_claim,register_extraction,,,,$4.5B,1467,
m00551,Palantir Technologies,US,121.0,pct,%,vague,register_extraction,,,,+121%,1467,
m00552,Palantir Technologies,US,4500000000.0,USD,currency,revenue_claim,register_extraction,,,,$4.5B,1467,
m00553,Palantir Technologies,US,121.0,pct,%,vague,register_extraction,,,,+121%,1467,
m00554,Paramount Skydance Corporation,US,2000000000.0,USD,currency,savings_claim,register_extraction,,,,$2B,1469,
m00555,PG&E Corporation,US,90.0,pct,%,vague,register_extraction,,,,90%,1476,
m00556,PNC Financial Services,US,1400000000.0,USD,currency,investment,register_extraction,,,,$1.4B,1480,
m00557,Prologis,US,8000000000.0,USD,currency,vague,register_extraction,,,,$8B,1486,
m00558,Prudential Financial,US,2300.0,count,employees,users_claim,register_extraction,,,,"2,300+ employees",1487,
m00559,Prudential Financial,US,2300.0,count,employees,users_claim,register_extraction,,,,"2,300+ employees",1487,
m00560,Quanta Services,US,39200000000.0,USD,currency,vague,register_extraction,,,,$39.2B,1492,
m00561,Ross Stores,US,1100000000.0,USD,currency,savings_claim,register_extraction,,,,$1.1B,1510,
m00562,ServiceNow,US,600000000.0,USD,currency,vague,register_extraction,,,,$600M,1519,
m00563,ServiceNow,US,1000000000.0,USD,currency,vague,register_extraction,,,,$1B,1519,
m00564,ServiceNow,US,1000000000.0,USD,currency,users_claim,register_extraction,,,,$1B,1519,
m00565,Sysco,US,90.0,pct,%,vague,register_extraction,,,,~90%,1538,
m00566,Sysco,US,90.0,pct,%,vague,register_extraction,,,,~90%,1538,
m00567,Target Corporation,US,2000.0,count,stores,users_claim,register_extraction,,,,"2,000 stores",1544,
m00568,Target Corporation,US,2000.0,count,stores,users_claim,register_extraction,,,,"2,000 stores",1544,
m00569,United Airlines Holdings,US,6.0,pct,%,vague,register_extraction,,,,+6%,1569,
m00570,United Airlines Holdings,US,6.0,pct,%,vague,register_extraction,,,,+6%,1569,
m00571,W. R. Berkley Corporation,US,20.0,pct,%,vague,register_extraction,,,,20%,1588,
m00572,W. R. Berkley Corporation,US,20.0,pct,%,vague,register_extraction,,,,20%,1588,
m00573,WEC Energy Group,US,99.95,pct,%,vague,register_extraction,,,,~99.95%,1596,
m00574,WEC Energy Group,US,99.95,pct,%,vague,register_extraction,,,,~99.95%,1596,
m00575,Weyerhaeuser,US,1000000000.0,USD,currency,vague,register_extraction,,,,$1B,1601,
m00576,Weyerhaeuser,US,1000000000.0,USD,currency,users_claim,register_extraction,,,,$1B,1601,
m00577,"Workday, Inc.",US,11.0,count,agents,users_claim,register_extraction,,,,11+ agents,1605,
m00578,Delta Electronics,TW,20.0,pct,%,vague,register_extraction,,,,20%,1619,
m00579,Hon Hai Precision,TW,80.0,pct,%,vague,register_extraction,,,,80%,1622,
m00580,Hon Hai Precision,TW,80.0,pct,%,vague,register_extraction,,,,80%,1622,
m00581,United Microelectronics,TW,87.0,pct,%,vague,register_extraction,,,,87%,1626,
m00582,United Microelectronics,TW,75.0,pct,%,vague,register_extraction,,,,75%,1626,
m00583,United Microelectronics,TW,-97.0,pct,%,vague,register_extraction,,,,-97%,1626,
m00584,United Microelectronics,TW,87.0,pct,%,vague,register_extraction,,,,87%,1626,
m00585,Unimicron Technology,TW,117.0,count,devices,users_claim,register_extraction,,,,117 devices,1628,
m00586,Unimicron Technology,TW,50.0,pct,%,vague,register_extraction,,,,50%,1628,
m00587,Unimicron Technology,TW,50.0,pct,%,vague,register_extraction,,,,50%,1628,
m00588,Nan Ya Plastics,TW,3430000000.0,USD,currency,vague,register_extraction,,,,$3.43B,1636,
m00589,Nan Ya Plastics,TW,870000000.0,USD,currency,investment,register_extraction,,,,$870M,1636,
m00590,Nan Ya Plastics,TW,3430000000.0,USD,currency,investment,register_extraction,,,,$3.43B,1636,
m00591,Taishin Financial Holding,TW,30000000.0,USD,currency,vague,register_extraction,,,,$30M,1642,
m00592,Taishin Financial Holding,TW,30000000.0,USD,currency,users_claim,register_extraction,,,,$30M,1642,
m00593,Mega Financial Holding,TW,100.0,count,employees,users_claim,register_extraction,,,,100 employees,1647,
m00594,Mega Financial Holding,TW,100.0,count,employees,users_claim,register_extraction,,,,100 employees,1647,
m00595,Wiwynn,TW,30.0,pct,%,vague,register_extraction,,,,30%,1648,
m00596,Wiwynn,TW,30.0,pct,%,vague,register_extraction,,,,30%,1648,
m00597,Chunghwa Telecom,TW,14.0,pct,%,vague,register_extraction,,,,~14%,1652,
m00598,Chunghwa Telecom,TW,14.0,pct,%,vague,register_extraction,,,,14%,1652,
m00599,SinoPac Financial Holdings,TW,10.0,count,branches,users_claim,register_extraction,,,,10 branches,1655,
m00600,SinoPac Financial Holdings,TW,10.0,count,branches,users_claim,register_extraction,,,,10 branches,1655,
m00601,Nanya Technology,TW,350000000.0,USD,currency,savings_claim,register_extraction,,,,$350M,1659,
m00602,Nanya Technology,TW,350000000.0,USD,currency,savings_claim,register_extraction,,,,$350M,1659,
m00603,Wistron,TW,700000000.0,USD,currency,vague,register_extraction,,,,US$700M,1661,
m00604,Wistron,TW,700000000.0,USD,currency,vague,register_extraction,,,,US$700M,1661,
m00605,Hon Precision,TW,1000000000.0,USD,currency,vague,register_extraction,,,,US$1B,1672,
m00606,Hon Precision,TW,1000000000.0,USD,currency,vague,register_extraction,,,,US$1B,1672,
m00607,Formosa Petrochemical,TW,75000000.0,USD,currency,vague,register_extraction,,,,$75M,1681,
m00608,Formosa Petrochemical,TW,75000000.0,USD,currency,users_claim,register_extraction,,,,$75M,1681,
m00609,Formosa Petrochemical,TW,7000000000.0,USD,currency,vague,register_extraction,,,,$7B,1682,
m00610,Formosa Petrochemical,TW,3140000000.0,USD,currency,investment,register_extraction,,,,$3.14B,1682,
m00611,Formosa Petrochemical,TW,7.0,USD,currency,investment,register_extraction,,,,$7,1682,
m00612,Adyen,NL,6.0,pct,%,vague,register_extraction,,,,6%,1686,
m00613,DSM-Firmenich,NL,20000000.0,USD,currency,investment,register_extraction,,,,$20M,1695,
m00614,Exor,NL,107000000.0,USD,currency,investment,register_extraction,,,,$107M,1696,
m00615,Exor,NL,107000000.0,USD,currency,investment,register_extraction,,,,$107M,1696,
m00616,ING Group,NL,-80.0,pct,%,vague,register_extraction,,,,-80%,1699,
m00617,Alimentation Couche-Tard,CA,7000.0,count,stores,users_claim,register_extraction,,,,"7,000+ stores",1715,
m00618,Bank of Nova Scotia,CA,71000.0,count,employees,users_claim,register_extraction,,,,"71,000+ employees",1718,
m00619,Bank of Nova Scotia,CA,71000.0,count,employees,users_claim,register_extraction,,,,"71,000+ employees",1718,
m00620,Brookfield Asset Management,CA,100000000000.0,USD,currency,vague,register_extraction,,,,$100 billion,1722,
m00621,Brookfield Asset Management,CA,10000000000.0,USD,currency,vague,register_extraction,,,,$10B,1722,
m00622,Brookfield Asset Management,CA,100000000000.0,USD,currency,vague,register_extraction,,,,$100B,1722,
m00623,CGI,CA,1000000000.0,USD,currency,vague,register_extraction,,,,$1 billion,1733,
m00624,CGI,CA,1000000000.0,USD,currency,investment,register_extraction,,,,$1B,1733,
m00625,Fairfax Financial Holdings,CA,500000000.0,USD,currency,investment,register_extraction,,,,$500M,1737,
m00626,Fairfax Financial Holdings,CA,500000000.0,USD,currency,investment,register_extraction,,,,$500M,1737,
m00627,Intact Financial,CA,220000000.0,CAD,currency,users_claim,register_extraction,,,,CAD 220M,1743,
m00628,Intact Financial,CA,600.0,count,models,users_claim,register_extraction,,,,600 models,1743,
m00629,Manulife Financial,CA,75.0,pct,%,vague,register_extraction,,,,75%,1747,
m00630,Metro,CA,500.0,count,stores,users_claim,register_extraction,,,,500 stores,1749,
m00631,Royal Bank of Canada,CA,1000000000.0,USD,currency,revenue_claim,register_extraction,,,,$1B,1755,
m00632,Suncor Energy,CA,91000000.0,USD,currency,savings_claim,register_extraction,,,,$91M,1758,
m00633,TC Energy,CA,8.0,USD,currency,vague,register_extraction,,,,$8,1759,
m00634,Telus,CA,70000.0,count,users,users_claim,register_extraction,,,,"70,000 users",1761,
m00635,WSP Global,CA,1000000000.0,USD,currency,investment,register_extraction,,,,$1B,1766,
m00636,Newmont,AU,25.0,pct,%,vague,register_extraction,,,,25%,1774,
m00637,Medibank,AU,130000.0,count,patients,users_claim,register_extraction,,,,"130,000+ patients",1784,
m00638,Medibank,AU,130000.0,count,patients,users_claim,register_extraction,,,,"130,000 patients",1784,
m00639,QBE Insurance,AU,65.0,pct,%,vague,register_extraction,,,,65%,1788,
m00640,Qantas Airways,AU,30000000.0,AUD,currency,savings_claim,register_extraction,,,,AUD 30m,1794,
m00641,Qantas Airways,AU,86.0,pct,%,vague,register_extraction,,,,86%,1794,
m00642,Qantas Airways,AU,30000000.0,USD,currency,savings_claim,register_extraction,,,,$30m,1794,
m00643,Qantas Airways,AU,86.0,pct,%,vague,register_extraction,,,,86%,1794,
m00644,Transurban,AU,40.0,pct,%,vague,register_extraction,,,,40%,1797,
m00645,Transurban,AU,40.0,pct,%,vague,register_extraction,,,,40%,1797,
m00646,Telstra,AU,700000000.0,AUD,currency,vague,register_extraction,,,,AUD 700m,1803,
m00647,Telstra,AU,700000000.0,AUD,currency,investment,register_extraction,,,,AUD 700m,1803,
m00648,CSL,AU,1000000000.0,USD,currency,users_claim,register_extraction,,,,$1bn,1805,
m00649,Stockland,AU,700.0,count,users,users_claim,register_extraction,,,,700 users,1810,
m00650,Al Rajhi Bank,SA,450.0,pct,%,vague,register_extraction,,,,450%,1820,
m00651,Kingdom Holding,SA,400000000.0,USD,currency,investment,register_extraction,,,,$400M,1849,
m00652,CapitaLand Investment,SG,1000000.0,SGD,currency,savings_claim,register_extraction,,,,SGD1M,1882,
m00653,City Developments,SG,75.0,pct,%,vague,register_extraction,,,,75%,1884,
m00654,DBS Group Holdings,SG,90.0,pct,%,vague,register_extraction,,,,90%,1885,
m00655,DBS Group Holdings,SG,90.0,pct,%,vague,register_extraction,,,,90%,1885,
m00656,DBS Group Holdings,SG,1000000000.0,USD,currency,vague,register_extraction,,,,$1 billion,1886,
m00657,DBS Group Holdings,SG,1000000000.0,USD,currency,vague,register_extraction,,,,$1 billion,1886,
m00658,DFI Retail Group,SG,400.0,count,stores,users_claim,register_extraction,,,,400+ stores,1888,
m00659,OCBC Bank,SG,30000.0,count,employees,users_claim,register_extraction,,,,"30,000 employees",1894,
m00660,OCBC Bank,SG,30000.0,count,employees,users_claim,register_extraction,,,,"30,000 employees",1894,
m00661,Ericsson,SE,15.0,pct,%,vague,register_extraction,,,,15%,1960,
m00662,Hennes & Mauritz,SE,30.0,count,models,users_claim,register_extraction,,,,30 models,1964,
m00663,Hennes & Mauritz,SE,4100.0,count,stores,users_claim,register_extraction,,,,4100+ stores,1965,
m00664,Sandvik,SE,15.0,pct,%,vague,register_extraction,,,,15%,1972,
m00665,Swedbank,SE,55.0,pct,%,vague,register_extraction,,,,55%,1979,
m00666,Telia Company,SE,150000000.0,count,calls,users_claim,register_extraction,,,,150 million calls,1981,
m00667,Carlsberg,DK,10000.0,count,employees,users_claim,register_extraction,,,,"10,000 employees",1989,
m00668,Carlsberg,DK,10000.0,count,employees,users_claim,register_extraction,,,,"10,000 employees",1989,
m00669,Danske Bank,DK,2000000000.0,DKK,currency,vague,register_extraction,,,,DKK 2 billion,1995,
m00670,Danske Bank,DK,2000000000.0,DKK,currency,revenue_claim,register_extraction,,,,DKK 2 billion,1995,
m00671,Demant,DK,9.0,pct,%,vague,register_extraction,,,,9%,1996,
m00672,DSV,DK,9000000000.0,DKK,currency,revenue_claim,register_extraction,,,,DKK 9 billion,1997,
m00673,Abu Dhabi Islamic Bank,AE,24.0,pct,%,vague,register_extraction,,,,24%,2035,
m00674,Abu Dhabi Islamic Bank,AE,24.0,pct,%,vague,register_extraction,,,,24%,2035,
m00675,ADNOC (Abu Dhabi National Oil Company),AE,340000000.0,USD,currency,savings_claim,register_extraction,,,,$340m,2042,
m00676,ADNOC (Abu Dhabi National Oil Company),AE,300.0,pct,%,vague,register_extraction,,,,300%,2042,
m00677,ADNOC (Abu Dhabi National Oil Company),AE,340000000.0,USD,currency,users_claim,register_extraction,,,,$340m,2042,
m00678,HSBC Holdings,HK,100000000.0,USD,currency,savings_claim,register_extraction,,,,$100M,2061,
m00679,Ping An Insurance,HK,23000.0,count,agents,users_claim,register_extraction,,,,"23,000 agents",2072,
m00680,Ping An Insurance,HK,20.0,pct,%,vague,register_extraction,,,,20%,2072,
m00681,Ping An Insurance,HK,20.0,pct,%,vague,register_extraction,,,,20%,2072,
m00682,Sun Hung Kai Properties,HK,1000000.0,USD,currency,vague,register_extraction,,,,$1M,2087,
m00683,Midea Group,HK,500.0,count,models,users_claim,register_extraction,,,,500+ models,2111,
m00684,Midea Group,HK,500.0,count,models,users_claim,register_extraction,,,,500+ models,2111,
m00685,Xinyi Glass,HK,7.4,pct,%,vague,register_extraction,,,,7.4%,2125,
m00686,Xinyi Glass,HK,7.4,pct,%,vague,register_extraction,,,,7.4%,2125,
m00687,CSPC Pharmaceutical Group,HK,5330000000.0,USD,currency,investment,register_extraction,,,,$5.33bn,2134,
m00688,BYD Company,HK,21.0,count,models,users_claim,register_extraction,,,,21 models,2138,
m00689,BYD Company,HK,21.0,count,models,users_claim,register_extraction,,,,21+ models,2138,
m00690,Chow Tai Fook Jewellery,HK,24000.0,count,employees,users_claim,register_extraction,,,,"24,000+ employees",2144,
m00691,Chow Tai Fook Jewellery,HK,24000.0,count,employees,users_claim,register_extraction,,,,"24,000+ employees",2144,
m00692,Anta Sports,HK,50.0,pct,%,vague,register_extraction,,,,50%,2149,
m00693,Hansoh Pharmaceutical Group,HK,1500000000.0,USD,currency,investment,register_extraction,,,,$1.5bn,2162,
m00694,JD Health,HK,50000000.0,count,users,users_claim,register_extraction,,,,50M+ users,2163,
m00695,Trip.com Group,HK,70.0,pct,%,vague,register_extraction,,,,70%,2172,
m00696,NetEase,HK,200.0,count,clients,users_claim,register_extraction,,,,200+ clients,2176,
m00697,AngloGold Ashanti,ZA,47000000.0,USD,currency,revenue_claim,register_extraction,,,,$47 million,2180,
m00698,BHP Group,ZA,50000000.0,USD,currency,savings_claim,register_extraction,,,,US$50 million,2184,
m00699,British American Tobacco,ZA,20.0,pct,%,vague,register_extraction,,,,~20%,2189,
m00700,Capitec Bank,ZA,5000.0,count,staff,users_claim,register_extraction,,,,"5,000 staff",2192,
m00701,FirstRand,ZA,20.1,pct,%,vague,register_extraction,,,,20.1%,2197,
m00702,FirstRand,ZA,26.1,pct,%,vague,register_extraction,,,,26.1%,2197,
m00703,Investec Ltd,ZA,8000.0,count,employees,users_claim,register_extraction,,,,"8,000 employees",2202,
m00704,Investec Ltd,ZA,8000.0,count,employees,users_claim,register_extraction,,,,"8,000 employees",2202,
m00705,Investec PLC,ZA,8000.0,count,employees,users_claim,register_extraction,,,,"8,000 employees",2203,
m00706,Investec PLC,ZA,8000.0,count,employees,users_claim,register_extraction,,,,"8,000 employees",2203,
m00707,Naspers,ZA,100000000.0,USD,currency,investment,register_extraction,,,,US$100m,2210,
m00708,NEPI Rockcastle,ZA,42.0,pct,%,vague,register_extraction,,,,42%,2214,
m00709,Prosus,ZA,60000.0,count,agents,users_claim,register_extraction,,,,"60,000+ agents",2217,
m00710,Prosus,ZA,40000.0,count,employees,users_claim,register_extraction,,,,"40,000 employees",2217,
m00711,Prosus,ZA,1000000000.0,count,customers,users_claim,register_extraction,,,,1 billion customers,2218,
m00712,Shoprite Holdings,ZA,98.0,pct,%,vague,register_extraction,,,,98%,2222,
m00713,Shoprite Holdings,ZA,3600.0,count,stores,users_claim,register_extraction,,,,"3,600 stores",2223,
m00714,Shoprite Holdings,ZA,3600.0,count,stores,users_claim,register_extraction,,,,"3,600 stores",2223,
m00715,Standard Bank Group,ZA,28.0,pct,%,vague,register_extraction,,,,28%,2224,
m00716,Grupo Bimbo,MX,145000.0,count,employees,users_claim,register_extraction,,,,"145,000 employees",2238,
m00717,Grupo Elektra,MX,30.0,pct,%,vague,register_extraction,,,,30%,2247,
m00718,Grupo Elektra,MX,30.0,pct,%,vague,register_extraction,,,,30%,2247,
m00719,Megacable,MX,11000.0,count,employees,users_claim,register_extraction,,,,"11,000 employees",2265,
m00720,Megacable,MX,11000.0,count,employees,users_claim,register_extraction,,,,"11,000 employees",2265,
m00721,AIB Group,IE,10000.0,count,employees,users_claim,register_extraction,,,,"10,000 employees",2278,
m00722,Glanbia,IE,100.0,count,employees,users_claim,register_extraction,,,,100 employees,2282,
m00723,Greencoat Renewables,IE,89.0,pct,%,vague,register_extraction,,,,89%,2284,
m00724,Ryanair Holdings,IE,84.0,pct,%,vague,register_extraction,,,,84%,2292,
m00725,AB InBev,BE,60.0,pct,%,vague,register_extraction,,,,60%,2294,
m00726,Azelis Group,BE,3000.0,count,documents,users_claim,register_extraction,,,,"3,000 documents",2301,
m00727,Elia Group,BE,65.0,pct,%,vague,register_extraction,,,,65%,2304,
m00728,KBC Group,BE,70.0,pct,%,vague,register_extraction,,,,~70%,2305,
m00729,Aker BP,NO,70.0,pct,%,vague,register_extraction,,,,70%,2317,
m00730,DNB Bank,NO,50.0,pct,%,vague,register_extraction,,,,50%,2321,
m00731,DNB Bank,NO,83.0,pct,%,vague,register_extraction,,,,83%,2322,
m00732,Wallenius Wilhelmsen,NO,10.0,pct,%,vague,register_extraction,,,,10%,2362,
m00733,Wallenius Wilhelmsen,NO,6.9,pct,%,vague,register_extraction,,,,6.9%,2362,
m00734,Elisa,FI,80.0,pct,%,vague,register_extraction,,,,80%,2365,
m00735,Elisa,FI,99.0,pct,%,vague,register_extraction,,,,99%,2365,
m00736,KONE,FI,70.0,pct,%,vague,register_extraction,,,,70%,2379,
m00737,Nordea,FI,100.0,pct,%,vague,register_extraction,,,,100%,2388,
m00738,Nordea,FI,5.0,pct,%,vague,register_extraction,,,,5%,2389,
m00739,Nordea,FI,5.0,pct,%,vague,register_extraction,,,,5%,2389,
m00740,TietoEVRY,FI,23.0,pct,%,vague,register_extraction,,,,23%,2397,
m00741,Wärtsilä,FI,30.0,pct,%,vague,register_extraction,,,,~30%,2402,
m00742,Bank Pekao,PL,5.0,pct,%,vague,register_extraction,,,,~5%,2410,
m00743,Bank Pekao,PL,5.0,pct,%,vague,register_extraction,,,,~5%,2410,
m00744,LPP,PL,21.0,pct,%,vague,register_extraction,,,,+21%,2418,
m00745,LPP,PL,21.0,pct,%,vague,register_extraction,,,,21%,2418,
m00746,LPP,PL,70.0,pct,%,vague,register_extraction,,,,~70%,2420,
m00747,Żabka Group,PL,25.0,count,stores,users_claim,register_extraction,,,,25 stores,2430,
m00748,Żabka Group,PL,7.0,count,stores,users_claim,register_extraction,,,,7 stores,2430,
m00749,Żabka Group,PL,2500.0,count,employees,users_claim,register_extraction,,,,"2,500+ employees",2431,
m00750,Żabka Group,PL,2500.0,count,employees,users_claim,register_extraction,,,,"2,500+ employees",2431,
m00751,Alior Bank,PL,100.0,pct,%,vague,register_extraction,,,,100%,2432,
m00752,PGE,PL,6000000.0,count,customers,users_claim,register_extraction,,,,6 million customers,2435,
m00753,PGE,PL,6000000.0,count,customers,users_claim,register_extraction,,,,6 million customers,2435,
m00754,Kruk,PL,10000000.0,count,clients,users_claim,register_extraction,,,,10 million clients,2441,
m00755,Akbank,TR,90.0,pct,%,vague,register_extraction,,,,90%,2447,
m00756,Akbank,TR,90.0,pct,%,vague,register_extraction,,,,90%,2447,
m00757,Garanti BBVA,TR,300.0,count,transactions,users_claim,register_extraction,,,,300+ transactions,2454,
m00758,Garanti BBVA,TR,90.0,pct,%,vague,register_extraction,,,,90%,2454,
m00759,Garanti BBVA,TR,90.0,pct,%,vague,register_extraction,,,,90%,2454,
m00760,Koç Holding,TR,110000.0,count,employees,users_claim,register_extraction,,,,"110,000+ employees",2459,
m00761,Koç Holding,TR,110000.0,count,employees,users_claim,register_extraction,,,,"110,000+ employees",2459,
m00762,Amman Mineral Internasional,ID,2.5,pct,%,vague,register_extraction,,,,2.5%,2485,
m00763,Vienna Insurance Group,AT,50.0,pct,%,vague,register_extraction,,,,~50%,2549,
m00764,Uniqa Insurance Group,AT,50.0,pct,%,vague,register_extraction,,,,50%,2554,
m00765,Uniqa Insurance Group,AT,95.0,pct,%,vague,register_extraction,,,,95%,2554,
m00766,Uniqa Insurance Group,AT,50.0,pct,%,vague,register_extraction,,,,50%,2554,
m00767,Uniqa Insurance Group,AT,95.0,pct,%,vague,register_extraction,,,,95%,2554,
m00768,Masan Group,VN,11.0,pct,%,vague,register_extraction,,,,11%,2567,
m00769,Banco Comercial Português,PT,6500.0,count,employees,users_claim,register_extraction,,,,6500+ employees,2585,
m00770,Banco Comercial Português,PT,80.0,pct,%,vague,register_extraction,,,,80%,2585,
m00771,Banco Comercial Português,PT,6500.0,count,employees,users_claim,register_extraction,,,,6500+ employees,2585,
m00772,Banco Comercial Português,PT,80.0,pct,%,vague,register_extraction,,,,80%,2585,
m00773,Novabase,PT,500.0,count,employees,users_claim,register_extraction,,,,500 employees,2599,
m00774,Novabase,PT,500.0,count,employees,users_claim,register_extraction,,,,500 employees,2599,
m00775,Sonae,PT,150.0,count,stores,users_claim,register_extraction,,,,150 stores,2603,
m00776,Sonae,PT,150.0,count,stores,users_claim,register_extraction,,,,150 stores,2603,
mfs00001,Aberdeen Group (abrdn),UK,,,,partnership,dedicated_collection,,I,https://www.ftadviser.com/content/9b71eada-456d-5e31-9f8d-00a213e055ab,Abrdn announces AI partnership with University of Edinburgh,,2024
mfs00002,AIB Group,IE,,,,partnership,dedicated_collection,multi_year,P,https://news.microsoft.com/europe/2025/07/10/aib-leading-innovation-in-irish-banking-with-enterprise-scale-deployment-of-microsoft-copilot-tools-to-simplify-work-and-empower-over-10000-employees/,"enterprise-scale deployment of Microsoft Copilot tools across AIB to over 10,000 employees",,2025-07
mfs00003,Akbank,TR,,,,investment,dedicated_collection,one_off,I,https://www.aa.com.tr/tr/isdunyasi/finans/akbanktan-yapay-zeka-odakli-altyapi-yatirimi/699985,"Akbank, yapay zeka ve ileri analitik uygulamalarina yonelik yeni nesil GPU altyapi yatirimini baslatti",,2026-01
mfs00004,Allianz,DE,,,,partnership,dedicated_collection,multi_year,I,https://techcrunch.com/2026/01/09/anthropic-adds-allianz-to-growing-list-of-enterprise-wins/,Anthropic adds Allianz to growing list of enterprise wins,,2026-01
mfs00005,ANZ Group,AU,,,,partnership,dedicated_collection,multi_year,P,https://news.microsoft.com/en-au/features/anz-launches-first-of-its-kind-ai-immersion-centre-in-partnership-with-microsoft/,ANZ launches first-of-its-kind AI Immersion Centre in partnership with Microsoft,,2024-08
mfs00006,Apollo Global Management,US,35,USD,B,investment,dedicated_collection,one_off,P,https://www.theglobeandmail.com/investing/markets/stocks/APO/pressreleases/2378646/apollo-leads-35-billion-capital-solution-for-broadcom-ai-xpv-platform-in-partnership-with-blackstone-and-leading-global-banks/,Apollo-managed funds and affiliates are leading an initial $35 billion capital solution as part of Broadcom's new AI XPV Platform,,2026-06
mfs00007,Bajaj Finserv,IN,20,INR,B,investment,dedicated_collection,multi_year,I,https://news.google.com/rss/articles/CBMi1wFBVV95cUxNUC1CX0Y1MklheWhfSG1nbl9tR2E5Vk1EUVk5eDNlRFZVRU1aNzhicnRHRnVyaHNWX0Z0ZHIwWGlGUGtwU3FkZDh0SGdIeFhqaEFRd2o1NmdzcUJ1RzhNSWExUC1yeDdfbXlDX2NlbExyUEhEX1BLMWZ6ZnhhOWRaRDYyTkk1S3BiczkwdDRmOXNyUG1Ndm9wMFBTTmtIRDNScDdNQ3JnN2loUW5jNmxTaE51dklkM1FadWE4ZTEzTHpjdk1WZFQ1UDNSNmg0ZWs1cmN4dTl2VdIB3AFBVV95cUxON2E2M3Q3bVpCcTlkWWFoXzM2cXZJR0wyTFkyVUIyQzlOdDNtSzY4ZUJEX1dMeDc4SURrLWxsNFFOakYweDNWc3dVeVhITjNBNTRZS2l4OWRMUVZnQXRhZlNsREk5VElRdDZBZHNLa2I4UUdfTkJFaUZ2UzhsdHRXYjdOd1lTLTZaemxVUVZNenNkU3pBSEQwd2JlVEdIem1sVXVTajItRVdyczB2dUtEeWY3aEtMZkdPOVdSaHQzM1pwT0RUa2Z0dGdCcjl0c0hMelRtMF9vdXVEM2d3,"Bajaj Finserv to invest up to Rs 2,000 crore in AI, tech startups in 5 yrs",,2026-05
mfs00008,Bank of Baroda,IN,100,INR,M,investment,dedicated_collection,,I,https://news.google.com/rss/articles/CBMi8AFBVV95cUxNOUhWODk1a2ZYTW92dGVZcHpWSW1tZlRsNXl3ZnNoMzBBSF9sTDZPT1paOVpzUHRuV1FBeXNYVDBDSHdxM0tjMlVhamhCcVBaNlVSS3Q4dUROOE1jRWNGNFhWRXBLRGlZTndfT3Juby1hMEdqTUEzbTNUSDFuM0hNczZ6MGFzUlY4SUZCdUpmQ3doUF84YnBBOGI4bEUwMG84Tk10QlNKM2s1T0dscFI2aUh2VUd6aXRDNlgwX3l3V3NiSnpNWTNSZFlHTktaY0NEU2Vwenk2VzFLYS1BdUVnZFAzcDRHcWV3TnRuSkZfZUM,Bank Of Baroda Invests Rs 10 Crores For 50% Stake In Digital Payment Intelligence Firm,,2025-12
mfs00009,Bank of Montreal,CA,,,,partnership,dedicated_collection,multi_year,P,https://news.google.com/rss/articles/CBMitwFBVV95cUxOdndNREhHMVRyUEp5Y3VmbFdmZTU5ajJuRXZDcjcwYzlRcVRPVXF2aVltTUhtT29HdzhqbE5CMU1sWEU2UHdHVUs4dUc3ZEJwV3UzY1QyaHdHcG9WOGRBRlpoS3ViWm9LRXoxcDZWbFV1Wk1NX05nVU8xUUhIYmlzeDZmeXNiRU9NQ3RHNVNVVmJQVHhJY0NTM1BrTUdNUFA1OWlZeGlMNmNyZkg3aEd1dlFGZ2VMMXM?oc=5,BMO Collaborates with Microsoft on AI Innovation to Enhance Insurance Experience,,2024-10
mfs00010,Bank of Nova Scotia,CA,,,,partnership,dedicated_collection,multi_year,P,https://www.prnewswire.com/news-releases/scotiabank-accelerates-its-cloud-adoption-strategy-through-an-expanded-partnership-with-google-cloud-302110621.html,Scotiabank accelerates its cloud adoption strategy through an expanded partnership with Google Cloud,,2024-04
mfs00011,Bank Syariah Indonesia,ID,,,,partnership,dedicated_collection,multi_year,P,https://news.microsoft.com/source/asia/2026/06/08/when-ai-becomes-bsis-strategic-partner-in-shaping-the-future-of-modern-islamic-banking-through-microsoft-365-copilot/,Microsoft 365 Copilot Chat helps employees with various administrative activities,,2026-06
mfs00012,BBVA,ES,,,,partnership,dedicated_collection,multi_year,P,https://www.bbva.com/en/innovation/bbva-and-openai-seal-a-strategic-alliance-to-redefine-banking-with-artificial-intelligence/,BBVA and OpenAI seal a strategic alliance to redefine banking with artificial intelligence,,2025-12
mfs00013,BlackRock,US,100,USD,B,investment,dedicated_collection,multi_year,I,https://news.google.com/rss/articles/CBMipgFBVV95cUxQbXdWQUxKQ0RhV05ONlh2NGN0RFJoY2JXNE93c0NacGUtVVBCOGRKN2tHb0lxUmZ3aW56MVVFczRUcUhVQnU3dmpIQlBuTmcxSkVfdXRTbmIzWDAtOXBkLU42QmxqcUFjaEItMmxKNW5xWFViT0NiVGk2R1pMS1dkUWpyUklEeUwxLVRKR2FMZHU1dWtPazRRSFZnYkZ3WXp2eC1tZmRn?oc=5,"Microsoft, BlackRock form group to raise $100 billion to invest in AI data centers",,2024-09
mfs00014,Blackstone Inc.,US,5,USD,B,investment,dedicated_collection,multi_year,I,https://news.google.com/rss/articles/CBMikAFBVV95cUxOSmkwMjBZRGZfSVp2clVGYVZDaEdvX09yX09DQXhJZ3BjUFRRTFpTUE5Hc09jODk0ZHJJOThHMFI5d25vUUI3Ym5GcllNTy0xeko4NjU3SURaVG9XWGY3aVNMdG11bzZsSWtZS3h4dTZCZzdtVm5BeW5DdFo1MUpfclRpU1p0TlZtbm1IMEFZRE3SAZYBQVVfeXFMTnNLUVp5ekxNN01XUEZEY0ZTUmp5Y0c3Q0JWWEFfdm1Za1B3WE1uSkZ5OXowNDhUbWpueThhV2NrbW5YUktDUjcxTEZWbldMeUdRRGlLSjZkMENzV3VaSk04WHhsdUMwXzlqUkR5S0o5dVMtTWtVRjMxTjBDQlhCTFdsM2NFVmZNN2d0ZVBtN3RyS1FxZzFn,"Blackstone to invest $5 billion in AI infrastructure venture with Google, powered by TPU chips",,2026-05
mfs00015,Blackstone Inc.,US,1.5,USD,B,investment,dedicated_collection,,I,https://news.google.com/rss/search?q=Anthropic+Blackstone+Goldman+Sachs+Hellman+Friedman+1.5+billion+enterprise+AI+services,"Anthropic building a new enterprise AI services company with Blackstone, Hellman & Friedman, and Goldman Sachs ($1.5B)",,2026-05
mfs00016,BNP Paribas,FR,,,,partnership,dedicated_collection,multi_year,I,https://news.google.com/rss/articles/CBMi3gFBVV95cUxPaGM1ZENIZXA4dHhuVGhKcERzelYxMzI1RFJoVXhqWWVoWkdhVVhRSUdRcWoxTnFteGZmUU8ybldrNkt5ajBLUjRnRlFxTHFoc3U0TEFabU0tOTlwVTFQMUtXSUxaVzIza3NySl9HRDlxYllPSWI4U2M0aVVXWGlEYmZJRGpzbGs3Qk5oUnExOFNNbjRHRVZOTzFBSUZaU1VFUWZENFh4SXR6RU1ZQWFSVnFrYWtvX2NHSWtDSEZBMS0zQ1lZTV9WTnJCdzlCLXVtc0hqUFp1dU1jc2NZalE,BNP Paribas inks multi-year deal to implement Mistral AI commercial models across all business lines,,2025-03
mfs00017,Brown & Brown,US,,,,partnership,dedicated_collection,,I,https://news.google.com/rss/articles/CBMisAFBVV95cUxNOFotV3N2VTZCODd6eU1zWHY5ejBiVTUxNUR2N1hTZm05dXFKbW5nSUp6ajQ4R0Jtam1UdXJCdHhiNktmbm9OUlg4SGx0ckUzU0NkdU12aWRaNS12NkgyY2VXQ1F2VmZPcFVUNnI1SkttY0QwY0ZjYXpnSjJ1ME5QOW5VNE1TNjI4a1BiZmR5NXl1clpEbTFxNVBubDdVUkxEdDk2MHFmMjBPSGJYbmk3Uw?oc=5,"Brown & Brown selects Anthropic, McKinsey and Accenture to support AI transformation",,2026-07
mfs00018,Canadian Imperial Bank of Commerce,CA,10,USD,M,investment,dedicated_collection,one_off,I,https://fintech.global/2024/08/16/cibc-innovation-banking-invests-10m-in-ai-pioneer-boosted-ai-for-expansion/,CIBC Innovation Banking invests $10m in AI pioneer Boosted.ai,,2024-08
mfs00019,Capital One,US,5.15,USD,B,acquisition,dedicated_collection,one_off,I,https://news.google.com/rss/articles/CBMiwwFBVV95cUxQemZLQUxoTVBvWFR1V081SHNTSUpodEVyakdKaUhNX2xzSGxmSjBOaFIycUQyeGtNSXVqeGlrX0IxVmlBUHRqTFRWM3g0WUdOREdKTkdwc2pHZ1hGazJmUEM3cHd6cV9hd2hFMy1zellzMjUxek83SVI5TGphY1pxelJ0X1EzaWZidFlQZ3RwYVgwQThxblU0Z25DQ1Y3cWx4ckRpQ3RxT3VxMlpMS3RDTHIzOEJhbm12emZoRlN5Z0ZnbDDSAcgBQVVfeXFMTzU3NXZYWDIxZFpyaV9xUkhoVWtTY1FpQ3dPWjhTQ2kxMEFORlNRRnZxSUN2M3NySEI5aTZRVGJlbGQtYlF2aGtNQ2lGc2ZHNmxXTUZXNlBWa2dkVFFSUHFSbUlHbmQ1aVpBQXhxMW1kYmRPRVU4YW9NVWJzVmpGWnkyYXg5dVR5Uk5VcW03d0FHQjV3MlY1QklzeXZuNDBHUWZRa2p1cTRTZFMwSDlrZEREcVZtNG5fVGN1ZnlKWlU5R0dUMTBIOUY?oc=5,Capital One is buying startup Brex for $5.15 billion (AI-native business payments platform),,2026-01
mfs00020,Cathay Financial Holding,TW,,,,partnership,dedicated_collection,multi_year,P,https://news.google.com/rss/articles/CBMivgFBVV95cUxOVkhoZm96QkFFX1VkUWdxaXB2WUg3RERpUXpuSUdwYmJMbGdLYjAzd3ZWTUlPUmxzMzZLWnZYbnpzaDlLSjdHcm9fUFdsRVh5R1I5SVYyODA2SFFKQWdMalE3eG5tcmMwZ0VOSUdnLWF0UjhMWWRGbHBvbkpFaG9PVkJzUEJEODdJdDMwM0tncnFXamRFT3diTEdVOThIT1FmUE83alFfRW1RSHkxRVlTSlZ4UndSc0Zfa0ZzOFB3?oc=5,Cathay FHC advances AI Adoption across the group with OpenAI,,2026-04
mfs00021,Citigroup,US,,,,partnership,dedicated_collection,,P,https://news.google.com/rss/articles/CBMiqwFBVV95cUxPQTM2em1hREpPV2ZQZzhJZ1hxTkRnY2YzOXhVdTZMZmpGVTBqdDZJNWxhWkdZRWs2MXVjRDZHTWFmcTZ2cktCaXBUU0x4MjM1QzBudkFVTVJUdTNwWUtIX2kxcmRTQ2drNk9HV3JLdUl1NVpWQTQ4dU1KSmo5dDNTcmQ1eHBTYy1xaHp0NmFKelBSZFFDeF9BOTJiNk4yN0Fxcll0Y1I0QWU1UTA?oc=5,Citi and Google Cloud Announce Strategic Agreement to Modernize Citi's Technology Infrastructure,,2024-10
mfs00022,Commerzbank,DE,600,EUR,M,investment,dedicated_collection,multi_year,I,https://www.financialexpress.com/business/banking-finance-3000-job-cuts-600m-euro-ai-investment-commerzbank-layoffs-announced-amid-unicredit-takeover,"3,000 job cuts & 600M-euro AI investment: Commerzbank layoffs announced",,2026-05
mfs00023,Commonwealth Bank,AU,,,,partnership,dedicated_collection,multi_year,P,https://www.commbank.com.au/articles/newsroom/2025/03/anthropic.html,"CommBank expands strategic partnership with generative AI company, Anthropic",,2025-03
mfs00024,Commonwealth Bank,AU,,,,partnership,dedicated_collection,multi_year,P,https://www.commbank.com.au/articles/newsroom/2025/08/tech-ai-partnership.html,CommBank and OpenAI embark on Australia-first strategic partnership to advance AI solutions,,2025-08
mfs00025,Danske Bank,DK,,,,partnership,dedicated_collection,multi_year,P,https://danskebank.com/news-and-insights/news-archive/news/2024/14032024,proof-of-concept testing of Microsoft and GitHub tools; DanskeGPT built on OpenAI ChatGPT 4.0,,2024-03
mfs00026,Deutsche Bank,DE,,,,partnership,dedicated_collection,multi_year,I,https://www.reuters.com/technology/deutsche-bank-google-agree-multi-year-strategic-partnership-2020-07-06/,"Deutsche Bank and Google agree multi-year, strategic partnership",,2020-07
mfs00027,Emirates NBD,AE,,,,partnership,dedicated_collection,multi_year,I,https://gecnewswire.com/emirates-nbd-partners-with-microsoft-to-use-generative-ai-across-business-operations/,Emirates NBD to harness generative AI across business operations through Microsoft partnership,,2023-07
mfs00028,EQT,SE,2.6,USD,B,acquisition,dedicated_collection,one_off,I,https://www.pehub.com/carlyle-exits-solar-and-energy-storage-developer-copia-to-eqt-for-2-6bn/,Carlyle exits solar and energy storage developer Copia to EQT for $2.6bn ... AI infrastructure platform,,2026-07
mfs00029,FactSet,US,,,,partnership,dedicated_collection,,I,https://news.google.com/rss/articles/CBMizwFBVV95cUxPRzdkckZlclI0RTk2MkROUXFTdWxkeHh0U2hyNzBBM2RxcHJ2MlFrQzlSNEpIazlaTHp0blphVHh5T2FWbjJEZXdvcnlVYmp4TFp0NlpnUFZHOS1vOTRkVFRmSy1BeVNQclh1RVpXdzg1QVRqazIwMWNIbGZKanZfN2ZFeFhHcW5adlJocnZJb2YyTUlhMnlCcDFzbEdIY0NfVktoMXFad3NoVWhsMExYXy0zeWNqWnBrSGJmLW9LSE9HWXF6T3U5MVEyWUdQSlE?oc=5,FactSet Launches AI-Powered Workflow Automation Solution for Banking in Collaboration with Finster AI,,2026-03
mfs00030,Fidelity National Information Services,US,,,,partnership,dedicated_collection,multi_year,P,https://news.google.com/rss/articles/CBMi0AFBVV95cUxQRnAtMHFPeWRmTEY4WWZGd2JvY0pWZHREeEduRW9zQk5feVRJUm96WjA0ZDJhT29tcHE3bEl1aGk1NTRoVHVKQUtSckczT0NnQ3V0bHZaaXZQaUFmNW12dHRXaHFCWEZUVERXbVd3RVV4dWRWX0N6dUdfbF9nQ0tXbENTWWhiREtmTGhhZVFFS1dzcnRwTkxGWDFVNkRGb3ZndXlCOWhvRlZhTk05QmgxZDV3RlR1NEphYnVXWVdUU0c4YXA4VTN4MlFkYVJYLVRk?oc=5,"FIS Brings Agentic AI to Banking with Anthropic, Starting with Financial Crimes",,2026-05
mfs00031,Fifth Third Bancorp,US,,,,partnership,dedicated_collection,,I,https://news.google.com/rss/articles/CBMikgFBVV95cUxQM1Q0aFBWcjNTSGVWcHpsWTl4bXAzZU5BczNNenUxbmhZNDBYMk5DeXpzV29EMFQtRThfRDMxRDN1OHp4QkZyZnd4YzVzdl9lMjk3eHlVR3pZZ2w3SFJDQXhTdW9IaVFpNE5aSG5oa3lEUjZLYWNTMFJhOTdvTUxOdElSUmtJT1JDcUFjOGgtS3FpQQ?oc=5,Fifth Third Joins Anthropic's Project Glasswing,,2026-06
mfs00032,First Abu Dhabi Bank,AE,,,,partnership,dedicated_collection,multi_year,P,https://www.bankfab.com/en-ae/about-fab/group/in-the-media/fab-and-microsoft-announce-landmark-strategic-partnership,"In partnering with Microsoft, a recognised global leader in AI, we are demonstrating our ambition",,2024-04
mfs00033,FirstRand,ZA,1.48,ZAR,B,investment,dedicated_collection,one_off,P,https://optasia.com/further-investment-by-firstrand-in-ai-led-fintech-optasia/,"FirstRand has increased its investment in Optasia (AI-led fintech), raising stake from 20.1% to 26.1%",,2026-03
mfs00034,Fiserv,US,,,,partnership,dedicated_collection,,P,https://news.google.com/rss/articles/CBMihwJBVV95cUxPMG5XUmJ5b1hBT0o0Wkp3SXk2RzFfcnFBRVpzeHdxY0tfZUZQcVBCUy13WXA0RHRDMXB2WktLY2thdGFmY1FDX1FxN0lWTWtCMVFoaUZtYXRHaEJFR2xwbGVjSzVCdG5hdEpPTEFCUl85UjhCN3BKQlN1SGs3bkhiM25hajVzR1p2SHAzOXBLdThrWE5HRHIyeTh5NTJhUzUtRFNEcFhxb0tOVVNaYTc2NFJxeWRxU2ZnblhNTldlcFNhLVRWenlKOU1ocFVCdzZYQWFKRXU3WGR0Q3kyRW01LXFRN2lOTkowZ0lWdDIyRG1fbFJRUGZRYjJMSHBWcGJKQVJmNy1zYw?oc=5,Fiserv Forms Strategic Collaboration with OpenAI to Bring AI to How Fiserv Serves Financial Institutions,,2026-05
mfs00035,Franklin Resources,US,,,,partnership,dedicated_collection,,I,https://news.google.com/rss/articles/CBMitAFBVV95cUxPQVFkNUZtdU1MYTdDZ1Fjd201S2hoVGwwd1F1WmxDdEg1T2NvbFRQOGxtU2UwMGRKd1hpVGpMUzJ2NDIwUWl2UlM2bUs3bDdoZGRHSXRHS1dhcDdGR2VNdnVqcGwyN1FaemRKZmRscTgtcDdRb3pGR0hIWGVMeHRhTmlDdGxSUTFucGRUeDJaRElic1RTTnhLUWlzN29ROWFxY3ZLSzliaTM2bzJBZXVSTjZ0bF8,Franklin Templeton Partners With Microsoft on AI Platform,,2025-02
mfs00036,Goldman Sachs,US,,,,partnership,dedicated_collection,,I,https://news.google.com/rss/articles/CBMihwFBVV95cUxOMkFvT1BVVTFSdTB6RGl4UnVMMkExT2poRnloLTdlM1dvb3NBdnQxOUstbG95Vy1LTXlrYWdoemxSSF9vYS1tQktPZk9yb0tSSXQ0LUJoYmwtd21xckhhR2ZmLUx6YlU2OTFRM1FSV1VMeGM0UGpXSDZXNnZNZm1kOFVmU2l2d2fSAYwBQVVfeXFMTUhoMUlSYUt5RER4TGFheTF2MHVqVkFTRjZzcTFWSmNoNEdiVGtLaVRiVEtkQkt1T2JRYXpXQ21TdkJ3dWZUSEgyOUNoa0gyaXRESDBBWHpWS0ZDMVY3OXRkN0NoMDlpa25hOGVzdmRTb251VGxDMlFSYXd6WC12OWFOR09UdXZ5VjdTQUU,"Goldman Sachs taps Anthropic's Claude to automate accounting, compliance roles",,2026-02
mfs00037,HSBC,UK,,,,partnership,dedicated_collection,multi_year,I,https://finance.yahoo.com/technology/ai/articles/hsbc-google-cloud-announce-transformative-070100916.html,Multi-year strategic partnership to accelerate AI adoption across HSBC's products and services globally,,2026-06
mfs00038,HSBC Holdings,HK,,,,partnership,dedicated_collection,multi_year,P,https://www.hsbc.com/news-and-views/news/media-releases/2026/hsbc-and-google-cloud-announce-transformative-ai-banking-partnership,multi-year strategic collaboration to build and deploy AI capabilities across HSBC's global operations,,2026-06
mfs00039,Intercontinental Exchange,US,,,,partnership,dedicated_collection,,I,https://news.google.com/rss/articles/CBMickFVX3lxTE83VVN0VjRWV1lpYk55NGlEaEhQNkl4bWZKQ1EwemZORmlNaXdfVDBLOXlkUTYyN3pFdjRXR3lzZWVOUkdJUDlaRDJSakZOQS1rdW1ZT0c0blhMWVN5MVVrLWlQSTh5TnZFX2JlX0E0emxCdw,NYSE joins ICE Markets in deploying Anthropic's Claude Mythos for cybersecurity,,2026-06
mfs00040,Intesa Sanpaolo,IT,5,EUR,B,investment,dedicated_collection,multi_year,I,https://news.google.com/rss/articles/CBMimgFBVV95cUxNTHc0Z1JyY0EwMU5aNlRUQlcyV1J6UGItNnctcHF5ZWhCemxpYXZkY1NzbXk2SXhnV2JQbFJreGhjeHRBUTB3M0JteGt1NjlhUzdQMFktdUR5RVJmdEZJZkdNZDQtNDd3UjBWdjFSdFI4TEszVU1RVUJqZWpMV0pXamEwSlo4Skh0c05RVE51b3VTckIzTTBBcnpn,"Intesa Sanpaolo, 5 billion on tech. This is how we grow with cloud and Ai",,2026-02
mfs00041,Itaú Unibanco,BR,,,,partnership,dedicated_collection,,I,https://valorinternational.globo.com/business/news/2025/06/24/itau-and-instituto-eldorado-join-forces-in-ai-and-quantum-computing.ghtml,Itaú and Instituto Eldorado join forces in AI and quantum computing,,2025-06
mfs00042,JPMorgan Chase,US,7,USD,B,investment,dedicated_collection,multi_year,I,https://news.google.com/rss/articles/CBMiigFBVV95cUxNbF9hOFExU09Ja2pveXdyRmFtZFFFcE9DMmhycTc2NVd0eTRtNUU2dG9kM0xOY0taaDhSSTJVY1lnb2x1WmtiQzlsUldabkJRbzNLbGNZSHhHc3ZTaXM0bXJjSVh3VFBMcHRrY2xjQmVBZEowbk9qMkRuVXdNSDM1eElETDRoSGNqUkE,JPMorgan to Lend More Than $7 Billion For OpenAI Data Center,,2025-05
mfs00043,JPMorgan Chase,US,,,,partnership,dedicated_collection,,I,https://news.google.com/rss/articles/CBMipgFBVV95cUxNQ2R6eDdTYkE3VmIxa1pRM3hDTFNtTkFMeUktaE9MOXEyRXJuSVdWTzNkdkRfU21sdlhxYVAwLWtVd2FTVE9XbTJiOXlYUTlpcGhfek5TcDBFYkJxeEI5SlBCUTJoZ0dZUE9KS2R6SjQ1Z3IxWmlzQlgtcWlFV1dMVjVNZGY2RVcxdC1lZ0JrN0tibWtiZENzMHNtWTl3dm9BLTFDX0x30gGrAUFVX3lxTE5WTHRQUmozZ0owMGRiRXg0ck8tUTFpMTJFRVJ6d1NpdUFQVmFHMnVxT0R6MmtvQUx2MHlHZlpoRmYyaFNNZktWS0ZkejYtYjBRdnB5aEdtYmcwUUI2Qjc5UXhLcTEtMUVfOVNnZVdiODBGT2wzVHo5NUp0YUFDUGVRbFM4cHNzYzJLckkyOEotdE5xRlZSMmFQX0FReDZFNmx4bFJTZjl5N1owQQ,JPMorgan Chase is giving its employees an AI assistant powered by ChatGPT maker OpenAI,,2024-08
mfs00044,KKR & Co.,US,10,USD,B,investment,dedicated_collection,multi_year,I,https://news.google.com/rss/articles/CBMirwFBVV95cUxQZlN2NG9odFlVTURqRVFtOF8zSUVWY3owSTJiUGJxY0xyc19xYWtJUl9zTEZlMUVfaGlyQ2RIbURZWUhIZWYwdm1kTDBMZXlKM29WX0xXTWRORXhabzgyT2hfbWlqMFdFNGR1RUs4OG5CNDRCNEZFUlp4cUdxRWRRdHROWUxsWjljNjg3WjJvZzFQSWxxVGpmUXlhdHQwaFdLeVZFU1ZrY3NYSEFqQlFz?oc=5,"KKR Launches Helix Digital Infrastructure, a New Company to Finance and Deliver the Next Generation of AI Infrastructure",,2026-06
mfs00045,Lloyds Banking Group,UK,,,,partnership,dedicated_collection,,I,https://www.msn.com/en-gb/money/other/exclusive-lloyds-in-tie-up-with-google-to-build-ai-agents/ar-AA222dvt,Lloyds Banking Group has formed a tie-up with Google as the financial services giant sets its sight on building its own AI agents,,2026-05
mfs00046,London Stock Exchange Group,UK,,,,partnership,dedicated_collection,multi_year,I,https://www.finextra.com/newsarticle/46748/microsoft-and-lseg-renew-ai-data-partnership,"LSEG customers can build, deploy and scale agentic AI directly into their workflows",,2025-10
mfs00047,Mashreqbank,AE,,,,partnership,dedicated_collection,one_off,I,https://aetoswire.com/en/news/1505202546626,"Mashreq is partnering with Clari5 (a Perfios Company) to launch Clari5 Genie, a Gen AI-powered fraud platform",,2025-05
mfs00048,Mastercard,US,2.65,USD,B,acquisition,dedicated_collection,one_off,P,https://newsroom.mastercard.com/news/press/2024/september/mastercard-invests-in-continued-defense-of-global-digital-economy-with-acquisition-of-recorded-future/,Recorded Future is the world's largest threat intelligence company (AI-powered analytics) acquired for $2.65 billion,,2024-09
mfs00049,Mastercard,US,,,,partnership,dedicated_collection,,I,https://news.google.com/rss/articles/CBMiqgFBVV95cUxNUFM5OTE2dW92OEx0dmV4SHRuY05QZjExYmtUQk83cC1hekhFTTNZOXZVYTNVM0lOaVdtdnZubzh4bkFaVVhGa1FoUnIzVmdRODBYYTBzZHo5Y0hSY1ctRjNDY3gwckJ0ZTdDV0lkZkR5QkQ5aWhfSXVHWkt0dmVQQ1QwQklNdnJTUXNwYVVHblZKcnE2TlAyUVFad0Rubi0teVZkeUJlTThrUQ,Mastercard unveils new generative AI model in partnership with Nvidia,,2026-03
mfs00050,Moody's Corporation,US,,,,partnership,dedicated_collection,,P,https://news.google.com/rss/articles/CBMi-AFBVV95cUxQal9LaVZkZ0lBenFjcm1rQWJidE55cTVSMWp0R0dCaVB1UE9ySWQ1Sk1NZnY3eE5mTkNNeHM5emNCR1VHWldYUllySkZyQ2ZYejVzVUhXeDl4eVdJeXpkUGFKS0hweGZZOVBfRzk2dHd2QWJ3SmFUcHR4Nm9zUVZFY18zSU4tSW1Eb0NIUXMwRlAtYnBLUUQ1TTdfMkpUUVBQclptMWVfYmhZOE91NktoYWg0X1hTZkhzclQtOHdUU3RaaTQ3Nk4wclRSRHNiZXI1bVhoU3V1cHBtcWZESllEQkNGV0dGQVlsaFlpU3F5UFVuWEhmQTQ2bg?oc=5,Moody's and Microsoft develop enhanced risk data analytics research powered by Generative AI,,2023-06
mfs00051,Morgan Stanley,US,,,,partnership,dedicated_collection,multi_year,P,https://news.google.com/rss/articles/CBMimAFBVV95cUxPMEZJVjIyQU1GOHJrUC11eUpQdV9xc1FSZHFFVUVnbElnR0VPZGNJQXp3OTlRQ1R3eGJsUmtRcS1QRVVCQzcwMGZVdjdXeVE0THh2b3hhZTUwdk0xQUd0cEZWUGl3ejcyY18tNjlFZHNzcjdtMkROSVpjX2Z1R0l1VkpuSHBfZmVEdG51ZHg5WDUtY2FKYmlhLQ?oc=5,Morgan Stanley Research Announces AskResearchGPT Powered by OpenAI,,2024-10
mfs00052,"Nasdaq, Inc.",US,,,,acquisition,dedicated_collection,one_off,P,https://news.google.com/rss/articles/CBMiogFBVV95cUxOckkzRlU3c2R0WHltR2lHXzQzNG9VVmtfZUk0dzNXcnRxdUlvaVU3c2E4VURIVXlkTDJQSDBhLW1mYy1mdUd6cURRT2EwSkRZc0tMWU56RkpISzJhYUNiR1ozekVnR3g4N2kzWWhIRDI3elB0N0dEMUliTE1EeU9nSWFBaDliU0pEQW94dWxnaVJkYmxYa09KMW9BY0xBcUgtTWc?oc=5,"Nasdaq to Acquire Dasseti, Expanding Nasdaq eVestment's ... AI-Powered Capabilities",,2026-07
mfs00053,National Australia Bank,AU,,,,partnership,dedicated_collection,multi_year,P,https://news.nab.com.au/news/nab-expands-long-term-deal-with-aws/,NAB expands long-term deal with AWS,,2024-09
mfs00054,National Bank of Canada,CA,25,USD,M,investment,dedicated_collection,one_off,I,https://fintechfutures.com/financial-crime-fraud-prevention/national-bank-of-canada-leads-25m-investment-in-sardine,National Bank of Canada leads $25m investment in Sardine,,2026-05
mfs00055,NatWest Group,UK,,,,partnership,dedicated_collection,multi_year,I,https://www.finextra.com/newsarticle/45689/natwest-inks-collaboration-deal-with-openai,NatWest inks collaboration deal with OpenAI,,2025-03
mfs00056,PayPal,US,,,,partnership,dedicated_collection,multi_year,P,https://news.google.com/rss/articles/CBMi7AFBVV95cUxQcTg1TUlIWFFlWHpuTmgtWWZyQnN3V2xCV2hEWll0U3RCU0psZE1EUE1qVFA5YjgyZ2JIeUZyZDFaejB5aXZtZ0MzQzFxLXhMWlI3Wm9scXJFSlF2TV93MU9ZZThmVFFVbGp1Wkh2S3NMOU54WEFvYzY1dllKUEtXVVZlakFodEFta2RYeGZnWnBndjF5OU9LYmRvSFRsczFoUFR3ak5GZFdkeF93RENWWmNDYklvNGh2ZEtYa0oxZV9XTTBWM2V3VEdaZDlTN1VSd1k0bE9lQUswWUxJMHVLblZtSXpsSTluYVlHZA?oc=5,OpenAI and PayPal Team Up to Power Instant Checkout and Agentic Commerce in ChatGPT,,2025-10
mfs00057,Poste italiane,IT,,,,partnership,dedicated_collection,,I,https://news.google.com/rss/articles/CBMikAJBVV95cUxNaFFxRHp1dGFndG12MUVKSFpGZVR6aGM4VHRncHZLTUR4eDVTTGtJV1JzUTk2VlBoYVJjLUZuUDBQbk45UWRhQXFzWGhhSEFnZlByY0lqNnpZVVUxOW9TTTdDR29PeHlVeWpVbVJJRGQyNXo1SC1xNTlrRkNrY1BiSFhzYW5NRmpJb1dUVTNNSURQYzdzN0FSaHRVWnRfZFJhQlRIVy1yNllWVjk1X3VEMjN0b3kxWHFUZFR6ZklnMHVzSHlMZlNFODBmdDlMR3FhZEQ2azlBbnQ0Nk9lbVhlZ1FMck9DQWgzQ1BQUFNUQkZVMDlDVHJmMzhKT1hNZHlvMzgyTEJMbmpyQ0VEUm1fZA,Microsoft and Postel: An Innovative New Data and AI-Driven Solution,,2026-05
mfs00058,Punjab National Bank,IN,34,INR,B,investment,dedicated_collection,multi_year,I,https://news.google.com/rss/articles/CBMizwFBVV95cUxOeXNicU0wdjVaVjNIVzdrQTM4WUVBSVFENnVlTFJuTmhub2RncmNBeWw1Y2JxN043ZUQwNDNYbndkNXViUEZZWkhIakdoOUVvNkFlSWY0LWt6eGVQczhtbml6ZTRTRjRJMjBuREFOeE9nSVFEczRMOUg1blRiU3FBR0c3OWgtT3NQbEVKYlN3RzlsTWNKRzFldEFXVXlZREg3bzktM05ZRlhWMnAwSlpkTXdkaGxoZ2JxZEdZSlQ5ZVdzNGxubV9MNXk0aGNqa1XSAdQBQVVfeXFMT1NKNG1YZnBiOXNqR0NGV1RHbWluSnZQMnBoaU5lNmFLR1d0NDFMOHB3ODFUbEtVU29wT2FFVXlBekx0RktvOWtwbFowR0JOVi1uc3NncktLOFlGMGdxVnlLYjNWVjBtTDlJSG1jZ3BaS1Y0blBxMjR2M3p0enBDU1ljTXc0dmk4aFgtdnNTcHB5YXg1N3FKeVhtaGJNdzJGTFZ2VmVQNS02S3A3TFdXeXdYRWlZQkx6UmQzR1ZoMEFGYnB2RXdJemJRa25rcUNKMFBlX2s,"PNB earmarks Rs 3,400 crore for IT, AI push amid rising cyber frauds",,2026-05
mfs00059,RAKBANK,AE,,,,partnership,dedicated_collection,multi_year,I,https://mea-finance.com/rakbank-to-transform-ai-applications-in-banking-operations-supported-by-microsoft/,RAKBANK and Microsoft signed a memorandum of understanding to leverage AI across banking operations,,2024-07
mfs00060,Robinhood Markets,US,,,,acquisition,dedicated_collection,one_off,P,https://news.google.com/rss/articles/CBMingFBVV95cUxOajRTZmR2bkZObGJ2blhoR2MzdldkRURmTms4dk1JZXU0MTljQ1JQcHZJcUwxeUZqXzBZX3Izc3lkSmx3cU95eUljSE8xLW5LMFFaSFNkRnZoWWU0TGxFMXBrTVBkbHh4eDhkZVlXN0xYRTVZUW5fYktQSGk3LU5LcGN3NElJQ19Zd1dnX2dfRXdpUGRTeTZldXpjZkVHZw?oc=5,"Robinhood Acquires Pluto, AI Investment Research Platform",,2024-07
mfs00061,Royal Bank of Canada,CA,,,,partnership,dedicated_collection,multi_year,P,https://www.newswire.ca/news-releases/rbc-and-cohere-partner-to-develop-the-next-generation-of-highly-secure-generative-ai-solutions-for-financial-services-864623142.html,RBC and Cohere partner to develop the next generation of highly secure generative AI solutions,,2025-01
mfs00062,S&P Global,US,550,USD,M,acquisition,dedicated_collection,one_off,P,https://news.google.com/rss/articles/CBMitwJBVV95cUxQRW1PMDBaaEI5NllBMEZpMTNHSE44TDhCVWcxVGNxVW5SWFpna0c3SHU2X3BXcHBHbUlqX2ZsLXZoTEFUNmpicjEwQnJYOU9RdUhKMzFaN3ZtYzI0RlZicUsxVk02aEVqTWRsVjlXanR2TGlvajUtMjd0OHhpMkNRTUE2TkkwRnJ6YnVsQXZ4MVprNVhkRHJrYW1fd1hIOUdPd2ZCaWZIdjdpSHhRX3N2TmxwZmZ2R2h6UVp1dzZKWEo5X2ZNZFFWRlc3TTBMQVY3WjNQUmhIWUZ6WXgxYno1Wk5ZSGd5UldwaFdMLTI1TWhiZ2lhRnJRcXl0TlZoWVNwUzhTZjIyTGZMdEhNZmxTZU5tc1lUdnNFQnZBSzhieVp4TUdfTVYzV3E0SUxqRWVVc1YzRHR2dw?oc=5,S&P Global to Acquire Kensho; Bolsters Core Capabilities in Artificial Intelligence,,2018-03
mfs00063,Santander,ES,,,,partnership,dedicated_collection,,I,https://news.google.com/rss/articles/CBMimAFBVV95cUxNTWpiSnp4bHN5N1VuVTBJdUtFQVVfRVlTbmxybHpfV2p5bTRJT3FWZW82U19Qd1Y0dGtaRER6X0JCc25iLUhhVHNKSVpXX0QxSXpSWTV3VU41bzhSQXVYc1hIZ0FjeGNKaDhHYnRzSDRBZmhPM0k3dnFkUTJXcElqS0NVd19PNzBzQ05fWHhfaXMteGVNMlRTVw,Santander partners OpenAI to become 'AI-native' bank,,2025-08
mfs00064,Santander Brasil,BR,,,,partnership,dedicated_collection,multi_year,I,https://www.santander.com/en/press-room/press-releases/2025/08/santanders-data-and-ai-first-strategy-accelerates-through-openai-collaboration,Santander's data & AI-first strategy accelerates through OpenAI collaboration,,2025-08
mfs00065,SBI Life Insurance Company,IN,,,,partnership,dedicated_collection,,I,https://news.google.com/rss/articles/CBMiqgFBVV95cUxPVzhNUTJLZDg1UGdtNGZNcGw4bDVKVzNwOG1rTjZmS0dfMFhWOHJ6eXI4bDJNWk04MHczZS1UbHdzQVYwX3UtMzdUaWVRUDhMVlZOSUZjVTJleWt3d0JhRE54eEhfMHBDUFd4TEc0Tk9qZWZwZ2NHM0Fhd0o0cEJoc0xVV3ZNUzBjRHhzb2pMSENlUklFY1BSdEFnVUFJMF96WC1XQTdkTl9jZw,Sarvam AI Partners with SBI Life to Deploy Multilingual AI at National Scale,,2026-02
mfs00066,Schroders,UK,,,,partnership,dedicated_collection,,I,https://www.moneymarketing.co.uk/news/schroders-adopts-ai-based-aveni-platform-to-transform-its-advice-offering/,Our partnership with Aveni shows our commitment to using technology to ensure the quality of our advice,,2023-03
mfs00067,Shriram Finance,IN,,,,partnership,dedicated_collection,,I,https://news.google.com/rss/articles/CBMihAJBVV95cUxNNVpZRFlORWt4bFJzVXJGZ0M4NW5ZcjdHdVo0TVpoWWNENmhJMUJ1NmNVYmF4Mk9PZHg5bDVjcGZyUUJwclJ2YS1BS0ZKZDZHRi1hRFZ0MVRWLXBRcktweTQ0S3JqM2ctbEFxM2ZRZWs1YXN5Sld3VUIxU0NZOG9HQ1BJZnB3a1RHY3ZtNVR4Y2FnWTZkenhRWkVhWVpPV3ZmSTM1N3ZMbzNxcHlEMlBudXh1V00xbHJWVk1mVWgxbVpidDRFZGRxS3M1by1Cb0Z3TVh3emhqUnRVanlwN3VBZW5PZG1MZHBMenIyNHFwYVh3U1gwV0lubENjUkVpc3dfLU5zetIBigJBVV95cUxPYXF0ZHRMT3NBVnVVU2s4V1owMUlPbEl2MmxaUXRQaHJNb3NnOWRfcnAwVmtBREpjazEzblk3T3dmU1NTczN0YWZhc2dpNUtuSE5meGFxM2NLYmk4NjNicHZoaVJmektBRE1aMmhhOXZ1ZldOVnUwdWZwUUhmYmQybDFGTkVGcWZxckFhM0QxU0hpdnF4SGhISG1TR3Rza3lPY1NNSEUxbWJib3pBUXlEUmVmVGlJblQ4cVpoZFl0MDl4MURKRWU5RDc0OXc2ZlBMZ0FDVkZxa29wSkw1MXFlVVRTUDdpNFhwa3hRXzhFVFU4NVFrZk1LRmtERElsYlZUb21OdWxYamtqQQ,Microsoft Azure powers Shriram Finance's super app that serves 20 million users,,2026-02
mfs00068,State Bank of India,IN,1,INR,B,investment,dedicated_collection,,I,https://news.google.com/rss/articles/CBMivwFBVV95cUxNb0Q1Q3VCSzd5NS12aXN1azZkdU1ibXAyLXgxeHBucFU3X0h4Umw2SndOX3ZkVGZNdktwZjBwdkkwa25jdUF3ZU9LM1dUYzF3aF9EN19jeUhJQzZKcjFyMlMtOFR5RFJXLVc0QnlUWjFrdXFta3RWUFFSV3p2NldRTnl3TUx1ekIwM3ZxZFd2ZG1SZ3MtMk5ONzhINzRIcV92YmduaFhGUHRNME9FOFl6MDl4azFzZkNiTkRYUGc4aw,SBI Invests Rs 100 Crores in Digital Payments Intelligence Platform IDPIC,,2025-12
mfs00069,Toronto-Dominion Bank,CA,,,,acquisition,dedicated_collection,one_off,P,https://td.mediaroom.com/2018-01-09-TD-Bank-Group-acquires-artificial-intelligence-innovator-Layer-6,TD Bank Group acquires artificial intelligence innovator Layer 6,,2018-01
mfs00070,Travelers Companies (The),US,,,,partnership,dedicated_collection,multi_year,P,https://news.google.com/rss/articles/CBMi5AFBVV95cUxPX1pwZVdLcC1CZGN5VWt4TjQxaTljNkhKUi1sdUU5a3JuTDh4NEhnV0oycFdsNlAydktxT0JaU3JvakZpR2s2TEZnd0drTlVTOTZ3RHF4Q2tGbE4zejdLc1pkd21URnpMMGFUSU5vN0p3SHV3QmJ5OVF2azZKbloyWE1oSGFRU0tMdlR2cE42NmozeHgwUk92SU52R1g0YnFsMHg0VW53UW5fOWRZZkpMNGM2MjdBUEEyMTNjRzd6dHNnRElpbWk3aFg3bFVqSnpEd0JSVjZKN195dnlKaDdOOWVhZVc?oc=5,Travelers Partners with Anthropic to Expand AI-Enabled Engineering and Analytics Capabilities,,2026-01
mfs00071,UBS Group AG,CH,,,,partnership,dedicated_collection,multi_year,I,https://news.microsoft.com/de-ch/2025/02/10/ubs-and-microsoft-partner-to-advance-ai-in-banking/,UBS and Microsoft partner to advance AI in banking,,2025-02
mfs00072,UniCredit,IT,,,,partnership,dedicated_collection,multi_year,I,https://news.google.com/rss/articles/CBMimwFBVV95cUxOQVNiOVVQSjhENWhhY1BRREU3VkxPOWlQYmQ5MEM4Z3R2VTM3SWticmNkRG12Y1J3Zll5RGFsdG40cGp3ZEpfcHhiUFhLQ2RPN0FKNlFQQVNITExmdnBGSDFSVXI3bk5sMW1HMjRhYWxUWGRCVEZJS2xFWnRvT210d2ZKcFBIXzR3dzF3WURrOEU1SGV2eWUxU0RlNA,Italian bank signs 10-year deal with Google Cloud,,2025-05
mfs00073,Vietcap Securities,VN,,,,partnership,dedicated_collection,multi_year,I,https://thanhnien.vn/vietcap-va-ai-hay-hop-tac-ung-dung-cac-giai-phap-tri-tue-nhan-tao-18525102908524584.htm,Vietcap va AI Hay vua chinh thuc ky ket bien ban ghi nho hop tac toan dien,,2025-10
mfs00074,VietinBank,VN,,,,partnership,dedicated_collection,multi_year,P,https://news.microsoft.com/source/asia/features/unlocking-new-horizons-how-ai-is-transforming-operation-at-vietinbank/,VietinBank chose to harness AI by collaborating with Microsoft ... to build Genie on Microsoft Azure AI Foundry,,2025-09
mfs00075,Visa Inc.,US,100,USD,M,investment,dedicated_collection,multi_year,I,https://news.google.com/rss/articles/CBMihgFBVV95cUxPX0dQWHFiQS1FaU5GbmxrQjJHaUJnNXRxbEYtdkVzREJWa2d1bnZwbVRUYU1lN054d3VwYVB1WjEtY3B1eVNWbEk2cnU5UU1Ed3lrR2kxNnZZbTRTcTRfYTB2aUZNVFg1WVpiTkgyOFdUejZfSjZCSVRyV0NiX0xkZFZXbWVvd9IBiwFBVV95cUxPOWtONXZKOEd3bTlSdlhZRmR5WlFBcHFEVE96YmFqMVVNTlJjdXd2TEh5QWtsYnF1NnRlLW5OOWM5TDlZRnFyc210NHZDQXQxYWdoMVpRa1VBRXo2VWRwU3o3LVdjdEplMWdXajNQTU9YdHlmTjlJa3FER29TSkxUZXE3WjVlN1hsRXI4?oc=5,Visa: $100 Million Generative AI Ventures Initiative Launches,,2023-10
mfs00076,Wells Fargo,US,,,,partnership,dedicated_collection,multi_year,P,https://news.google.com/rss/articles/CBMi3AFBVV95cUxPMkI1aWg4SWV0Uk9hbmR4ZHVRcTBGdXI5WHJLSDJBNXFzNW9XWW1SM21UbWtGd3l2Qk5nR1JxNzlGbUlmMzBzdzI2QWNUdDJUV0h3dDF4VS1sMjVmWHlTeVctcGNQMmo5TVprT251N0dRRDUyX0t6NjZkdWZtZVh6OTRoZ2YxSXRpUmc3UVBjWHJaeWNnd1BHZnN6QjhmZkxyYWdncjMxaHFpZ0FWT3EzcllpWllDUi04V0k2MmZ2YXBRODR3MEZyM2RPZVRxQm8zVld1S0hIYlZZd1hy?oc=5,Wells Fargo announces expansion of strategic relationship with Google Cloud,,2025-08
mfs00077,Westpac,AU,,,,partnership,dedicated_collection,multi_year,I,https://www.retailbankerinternational.com/news/westpac-accenture-banking-ai-agents/,Westpac partners with Accenture to enhance banking with AI,,2025-02
