row_id,pattern_id,confidence,source_phrase,method
7,personalization,0.4,analyzes 3-month spending behavior,llm
8,customer_chatbot,0.7,"""Daily Banker"" AI agents simplifying payments and daily banking",llm
13,customer_chatbot,0.5,genAI client experience,llm
14,code_copilot,0.85,"convert legacy Java programs at 98% accuracy, automating repetitive dev tasks",llm
15,internal_copilot,0.5,AI assistant deployed in investments division,llm
17,personalization,0.4,consumer demographics & behavior,llm
21,internal_copilot,0.8,"Generative AI corporate tool (Azure OpenAI) supporting 100,000+ employees",llm
24,predictive_maintenance,0.85,predictive failure anticipation,llm
25,predictive_maintenance,0.85,predictive-maintenance model for sugarcane harvesters,llm
25,precision_agriculture,0.5,AI for agri monitoring,llm
28,computer_vision,0.5,vehicle-flow cameras,llm
29,algo_trading,0.5,free-market energy trading,llm
30,computer_vision,0.5,250+ drones + AI monitoring generation/transmission assets,llm
35,internal_copilot,0.4,In-house GenAI tool used end-to-end in product innovation process,llm
39,marketing_content,0.4,AI analyst video avatars using OpenAI + Synthesia,llm
48,drug_discovery,0.75,identify synthetic routes for novel APIs,llm
49,internal_copilot,0.5,AI network operations assistant built on Amazon Bedrock,llm
51,customer_chatbot,0.7,Enterprise agentic AI for customer support & sales,llm
57,inventory_supplychain,0.8,"AI predictive logistics integrating vessel positions, weather, port congestion",llm
58,customer_chatbot,0.5,generative AI platform for CX,llm
59,customer_chatbot,0.45,customer email classification & routing,llm
61,computer_vision,0.75,AI auto-framing & speaker tracking,llm
65,own_llm,0.6,self-built 10B-param financial LLM,llm
65,document_ocr,0.5,AI reimbursement processing (1.138M paperless reports/yr),llm
70,autonomous_ops,0.7,AI+5G full-automation drilling/loading/transport,llm
71,algo_trading,0.5,accelerate strategy development; AI across research & risk management,llm
73,own_llm,0.8,Self-controlled billion-parameter LLM deployed across 30+ domains,llm
75,own_llm,0.75,"Self-developed ""妙想"" (Miaoxiang) financial LLM",llm
77,medical_diagnostics,0.7,critical-care medical LLM,llm
77,own_llm,0.6,"""启元/Qiyuan"" critical-care medical LLM",llm
79,own_llm,0.7,Billion-parameter financial LLM matrix,llm
79,algo_trading,0.4,AI investment-research generation,llm
80,autonomous_ops,0.6,deployed at Ningbo chlor-alkali 650kt caustic-soda plant for autonomous optimization,llm
80,own_llm,0.5,materials LLM w/ Peking Univ,llm
87,quality_inspection,0.4,AI digital detection,llm
89,autonomous_ops,0.65,remote coal extraction,llm
89,own_llm,0.5,coal-industry LLM,llm
90,digital_twin,0.6,2D/3D digital model,llm
90,predictive_maintenance,0.6,PHM bridge health monitoring,llm
92,autonomous_ops,0.4,AI real-time fermentation control system,llm
95,precision_agriculture,0.8,"pig-production stages (smart feeding, disease detection)",llm
98,own_llm,0.7,"""昆仑""(Kunlun) 300-billion-parameter energy LLM",llm
98,autonomous_ops,0.5,refining process-optimization models,llm
101,internal_copilot,0.6,400+ intelligent assistants,llm
101,own_llm,0.5,"""BOCAI"" large-model capability platform",llm
106,own_llm,0.65,"""HomeGPT"" vertical domain LLM",llm
109,own_llm,0.6,Multimodal full-stack financial LLM w/ SenseTime,llm
110,autonomous_ops,0.45,first centrifuge ore-output AI soft-measurement model in production,llm
114,own_llm,0.6,100bn-scale open-source LLMs,llm
120,grid_energy_optimization,0.4,特高压+新能源+储能+工业AI,llm
126,own_llm,0.6,"""先锋""(Pioneer) vertical LLM series",llm
133,own_llm,0.7,"""邮智""(Youzhi) self-controlled LLM",llm
134,quality_inspection,0.5,machine-vision weld inspection,llm
134,own_llm,0.4,"""海鲲""/""百舸"" shipbuilding LLMs",llm
135,genai_search_knowledge,0.4,guidance to prepare Listing-Rules-compliant annual reports,llm
137,own_llm,0.7,self-controlled LLM 500+ scenarios,llm
139,own_llm,0.5,large-model deployment for financial services,llm
140,own_llm,0.6,10B-param financial LLM,llm
141,internal_copilot,0.6,"""BOCAI"" platform 400+ assistants",llm
141,own_llm,0.5,"""BOCAI"" platform",llm
147,grid_energy_optimization,0.55,AI-powered smart energy management system,llm
148,grid_energy_optimization,0.5,"AI energy ""brain""",llm
150,computer_vision,0.45,Smart/intelligent baccarat gaming tables fully deployed,llm
151,predictive_maintenance,0.55,voiceprint analysis of running-train undercarriage for early wear,llm
155,own_llm,0.7,"""长城"" LLM",llm
156,own_llm,0.6,"""昆仑""(Kunlun) 300B-param LLM",llm
160,internal_copilot,0.5,"""乐享/Leshare"" enterprise super agent",llm
162,autonomous_ops,0.5,smart mining,llm
162,own_llm,0.5,45.46M yuan coal-industry LLM,llm
165,hands_free_driving,0.7,"""天神之眼""(God's Eye)",llm
166,quality_inspection,0.75,"AI vision inspection (ms-level, full product)",llm
167,computer_vision,0.5,AI + RFID chip capture,llm
168,internal_copilot,0.5,"""阿福"" AI agent family",llm
168,inventory_supplychain,0.4,o9 supply-chain AI,llm
169,drug_discovery,0.75,"""WuXi ProDesign"" antibody design model",llm
169,digital_twin,0.5,"""PatroLab"" bioprocessing digital-twin",llm
171,own_llm,0.7,"""MENGNIU.GPT""",llm
174,autonomous_ops,0.6,"""紫金方舟""",llm
178,own_llm,0.6,"""HomeGPT""",llm
182,customer_chatbot,0.4,GenAI across manufacturing & customer service,llm
184,drug_discovery,0.4,self-driving labs for catalyst discovery,llm
188,customer_chatbot,0.6,autonomous AI agents on its Salesforce platform to improve customer experience,llm
190,document_ocr,0.55,read & analyze requirement specs (Lastenhefte),llm
191,internal_copilot,0.7,Rolled out LibreChat (GenAI assistant) to all employees worldwide,llm
192,own_llm,0.5,"own GenAI solution ""dbLumina""",llm
192,algo_trading,0.5,trader-misconduct early detection,llm
196,grid_energy_optimization,0.5,digitalizing energy grids,llm
198,medical_diagnostics,0.6,kidney-care decision support,llm
199,autonomous_ops,0.45,Virtual Machine Operator (VMO),llm
199,precision_agriculture,0.4,animal-welfare monitoring,llm
201,autonomous_ops,0.85,AI-powered autonomous haul vehicles,llm
202,pricing_ai,0.6,AI in sales/pricing replacing,llm
206,computer_vision,0.6,object-recognition system (ABE) using deep learning + image,llm
209,medical_diagnostics,0.7,AI-powered cloud clinical decision support for real-time NGS analysis,llm
210,autonomous_ops,0.6,autonomous convoy,llm
221,internal_copilot,0.55,"AI agents on ""One Digital"" platform automating engineering, safety, procurement",llm
225,autonomous_ops,0.45,"""smart desalination"" plant",llm
227,internal_copilot,0.85,"ChatGPT Enterprise rolled out to 120,000+ employees",llm
229,customer_chatbot,0.5,AI applied across customer conversations,llm
230,autonomous_ops,0.4,automate telecom network service operations,llm
235,drug_discovery,0.6,AI & LLMs deployed across drug-development phases,llm
235,medical_diagnostics,0.5,predict Parkinson's up to 12 years early,llm
237,grid_energy_optimization,0.5,AI projects across smart grid,llm
242,autonomous_ops,0.55,AI-driven steelmaking: real-time process optimization,llm
245,predictive_maintenance,0.5,substation asset monitoring & remote management,llm
246,internal_copilot,0.5,22 autonomous AI agents deployed across Digitization & Services Division,llm
248,internal_copilot,0.5,Specialized AI agents deployed across banking domains,llm
249,internal_copilot,0.8,"AI tools to 185,000 employees",llm
250,predictive_maintenance,0.55,predictive pavement maintenance,llm
251,autonomous_ops,0.4,internal network optimization/disruption detection,llm
253,call_center_ai,0.55,AI-based customer service platform on AWS Connect,llm
257,inventory_supplychain,0.4,planning optimization for A330/A350 programs,llm
260,autonomous_ops,0.5,industrial automation across global steel operations,llm
261,autonomous_ops,0.4,intervening at specific manufacturing stages,llm
263,internal_copilot,0.8,AXA Secure GPT) built on OpenAI tools for employee productivity,llm
265,own_llm,0.5,"""LLM as a Service"" platform enabling generative AI use cases",llm
268,internal_copilot,0.4,EU-AI-Act audit offering powered by AWS AIRI multi-agent,llm
270,marketing_content,0.4,AI-enabled sales workflows,llm
271,internal_copilot,0.4,industrialized GenAI governance,llm
273,internal_copilot,0.4,AI-based intelligent operations,llm
276,customer_chatbot,0.55,"""Generative AI for Customer Experience"" offering",llm
277,computer_vision,0.5,image-detection tool for nutritional deficiencies,llm
279,inventory_supplychain,0.5,IoT + AI smart-shelf/electronic-label digitalization,llm
281,internal_copilot,0.35,36 prioritized use cases across six business domains,llm
283,digital_twin,0.5,three AI companions integrated into 3DEXPERIENCE (Nemotron/Omniverse) targeting 10x engineer productivity,llm
283,internal_copilot,0.4,three AI companions,llm
284,digital_twin,0.55,virtual companions embedded in the 3DEXPERIENCE platform,llm
285,internal_copilot,0.4,AI applied to HR and fleet management,llm
289,computer_vision,0.4,AI + connected-health eyewear tech,llm
291,medical_diagnostics,0.65,genetic variant interpretation,llm
292,customer_chatbot,0.7,ChatGPT-powered virtual luxury personal-shopper assistant,llm
294,digital_twin,0.6,industrial AI platform (virtual twins),llm
299,marketing_content,0.4,transform beauty with AI,llm
300,marketing_content,0.5,large-scale 3D product rendering,llm
301,drug_discovery,0.4,AI model for sustainable cosmetics formulation,llm
303,customer_chatbot,0.55,Elia provides enhanced product info to customer support,llm
305,internal_copilot,0.8,"""MaIA"" internal generative-AI assistant",llm
310,internal_copilot,0.7,GenAI assistants deployed to support functions with ~70% adoption,llm
318,voice_assistant,0.45,Google Gemini AI integrated into OpenR Link in-vehicle infotainment,llm
320,internal_copilot,0.4,deploy generative AI at scale (Amazon Bedrock),llm
321,marketing_content,0.55,AI-generated avatar serving as face/voice,llm
323,internal_copilot,0.5,real-time AI-driven 360° data view across all activities,llm
324,autonomous_ops,0.4,AI at scale into pharmaceutical production,llm
327,internal_copilot,0.4,pilot AI integration group-wide,llm
329,internal_copilot,0.5,AI agents to support employees,llm
331,customer_chatbot,0.5,"GenAI products Live Intelligence, Mon IA Pro, and Le Chat",llm
333,internal_copilot,0.45,enterprise-wide genAI deployment across engineering,llm
334,computer_vision,0.4,embed ML/AI in STM32 MCUs,llm
335,call_center_ai,0.55,generative-AI tools across customer-experience operations; orchestration of AI agents + human,llm
338,grid_energy_optimization,0.4,"improve operational performance across activities, notably low-carbon energy",llm
339,computer_vision,0.65,Video-based AI audience measurement,llm
340,computer_vision,0.5,AI-equipped waste-sorting bins/cameras,llm
343,computer_vision,0.75,AI license-plate recognition,llm
345,inventory_supplychain,0.6,AI-augmented terminal operating system,llm
351,voice_assistant,0.6,"AI handled 20M customer calls, voice-to-text",llm
352,genai_search_knowledge,0.3,applied AI/deep-tech research initiative,llm
353,computer_vision,0.5,AI embedded in defence products (surveillance/combat systems),llm
354,fraud_detection,0.55,AI-powered network spam detection,llm
356,computer_vision,0.6,"AI video surveillance across 5,000+ cameras",llm
356,predictive_maintenance,0.4,predictive analytics for underground fire surveillance,llm
359,customer_chatbot,0.8,"""Nugget"" in-house AI-native customer support (voice/chat/email agents)",llm
370,code_copilot,0.45,"""Infosys Topaz"" AI-first services; agentic AI",llm
372,personalization,0.55,personalised financial marketplace,llm
382,sovereign_ai_infra,0.6,gigawatt-scale AI data centres (Jamnagar),llm
382,own_llm,0.45,"""Jio Brain"" comprehensive AI toolset",llm
388,internal_copilot,0.5,AI-driven internal workforce/job-allocation system,llm
389,own_llm,0.5,"""WisdomNext"" GenAI aggregation platform",llm
393,own_llm,0.7,foundational Indic LLM,llm
396,inventory_supplychain,0.5,AI-enabled smart dispatch systems & remote monitoring for logistics,llm
397,internal_copilot,0.4,"""Lab45 AI Platform""",llm
399,quality_inspection,0.55,Quality Check tool in smart metering,llm
401,predictive_maintenance,0.75,predictive analytics for real-time asset-health monitoring across 23 thermal units,llm
407,autonomous_ops,0.3,AI deployment in manufacturing operations for productivity,llm
409,credit_risk,0.55,GenAI across lending operations automating credit workflows,llm
410,predictive_maintenance,0.45,predict engine performance & emissions,llm
411,autonomous_ops,0.35,AI-driven network automation,llm
416,quality_inspection,0.6,AI-based Snag Disposition System for automated fault detection,llm
416,autonomous_ops,0.4,UAV teaming/autonomy,llm
417,predictive_maintenance,0.55,Rectifier Hotspot Monitoring System,llm
422,autonomous_ops,0.5,optimise temperature control & material inputs,llm
423,internal_copilot,0.5,"""BlueVerse"" agentic AI ecosystem",llm
430,autonomous_ops,0.3,smart manufacturing & digital engineering,llm
433,grid_energy_optimization,0.5,grid technologies & industrial systems; grid stability for renewables,llm
436,predictive_maintenance,0.7,"AI predictive analytics, vehicle health monitoring, fault detection",llm
441,customer_chatbot,0.6,WhatsApp dealer-support automation (Haptik.ai),llm
446,internal_copilot,0.5,intelligent agents for procurement workflow automation,llm
449,personalization,0.5,financial advisory analyzing client data to augment advisors,llm
450,personalization,0.5,robo-advisors to accelerate financial advisor productivity,llm
454,document_ocr,0.4,transaction categorization/clarity,llm
456,internal_copilot,0.35,embed generative AI in digital ecosystem,llm
457,document_ocr,0.5,automatic information routing + process automation,llm
458,aml_kyc,0.8,AI supporting anti-money-laundering decisions,llm
460,predictive_maintenance,0.7,asset reliability + operational performance,llm
465,algo_trading,0.65,AI for energy trading operations,llm
468,call_center_ai,0.6,AI customer experience optimization (Genesys),llm
469,digital_twin,0.4,"naval design, data management (Smart Manufacturing System)",llm
471,internal_copilot,0.4,advisor network (workflow enhancement; X-Net platform),llm
474,computer_vision,0.75,"analyzing video to identify recyclables, map illegal dumping",llm
477,computer_vision,0.7,detecting wildfire smoke plumes early,llm
479,hands_free_driving,0.75,"""IVECO PLUS"" AI-based highly-automated driving",llm
480,autonomous_ops,0.75,Level 4 autonomous heavy trucks with PlusAI SuperDrive,llm
482,sovereign_ai_infra,0.55,"""Lisa"" AI infrastructure for generative AI applications",llm
486,personalization,0.45,digital brand platform for product discovery,llm
487,personalization,0.5,"""MonClient"" clienteling CRM app",llm
489,personalization,0.5,Agentic-commerce; first AI-agent-initiated transaction,llm
493,medical_diagnostics,0.5,Healthily (medical AI) to redefine services,llm
494,drug_discovery,0.75,drug-discovery use of AI,llm
495,internal_copilot,0.35,"across estimation, design, construction phases",llm
498,customer_chatbot,0.45,in-car assistant,llm
498,autonomous_ops,0.4,manufacturing optimization,llm
499,predictive_maintenance,0.65,predictive manufacturing in factories,llm
500,computer_vision,0.4,on-device ML/AI in embedded systems,llm
501,sovereign_ai_infra,0.6,silicon-photonics AI chips (with AWS) for AI/datacenter,llm
503,customer_chatbot,0.35,TIM Enterprise AI solutions for retail/healthcare/finance,llm
507,customer_chatbot,0.35,"AI across risk management, banking operations, customer experience",llm
508,internal_copilot,0.45,enterprise AI + employee digital training,llm
511,internal_copilot,0.65,"Generative AI platform ""neoAI Chat"" deployed across airport, maintenance",llm
512,internal_copilot,0.5,AI Scheduler (AIS) automates pilot scheduling,llm
513,predictive_maintenance,0.4,deep-learning turbulence prediction,llm
514,internal_copilot,0.65,"Proprietary generative AI platform ""JAL-AI""",llm
515,autonomous_ops,0.75,Level 4 autonomous truck deployment program,llm
516,hands_free_driving,0.8,"mapless autonomous driving + intent-understanding AI, targeting L4",llm
517,internal_copilot,0.4,Multi-agent generative AI system for Software-Defined Vehicle,llm
519,autonomous_ops,0.75,L4 autonomous truck development,llm
520,internal_copilot,0.55,company-wide generative AI deployment beyond R&D,llm
521,internal_copilot,0.5,Agentic AI PoC for internal audit functions,llm
523,fraud_detection,0.4,Google Security Operations (AI-powered) deployed enterprise-wide,llm
526,computer_vision,0.65,Wearable-camera AI on assembly line visualizes worker motion,llm
527,hands_free_driving,0.75,Next-gen ProPILOT AI driving support,llm
529,quality_inspection,0.6,"""Ollo Factory"" work-analysis AI (real-time error detection)",llm
531,voice_assistant,0.6,AI voice recognition on Arene OS (controls 200+ vehicle functions),llm
532,quality_inspection,0.8,Anomaly-detection AI for high-precision inspection,llm
534,computer_vision,0.5,AI recognizes assembly processes and gives feedback to trainees,llm
535,algo_trading,0.4,derivatives trade back-office EUC systems,llm
536,internal_copilot,0.5,"AI to replace ~1,100 of 2,800 internal tasks",llm
538,internal_copilot,0.45,"replace ~2,000 jobs worth of admin/sales/HR work with AI",llm
539,genai_search_knowledge,0.35,generative-AI data analytics,llm
540,document_ocr,0.5,Loan review support AI + loan proposal document generation AI,llm
540,credit_risk,0.45,loan review support AI in core lending ops,llm
541,internal_copilot,0.4,financial ops efficiency + generative AI value creation,llm
542,internal_copilot,0.7,"Internal generative AI platform ""AI-bow""",llm
543,internal_copilot,0.8,"ChatGPT Enterprise rollout to ~35,000 employees",llm
544,internal_copilot,0.55,"""Agent Factory"" for mass-producing AI agents + ""RM Studio"" sales-support AI",llm
545,internal_copilot,0.4,"AI in processing centers to cut ~5,000 of ~15,000 admin staff",llm
546,internal_copilot,0.3,"""Crystal Intelligence"" (SoftBank/OpenAI) deployment",llm
547,personalization,0.55,scores customer needs from transaction data,llm
548,customer_chatbot,0.5,PKSHA AI service for customer outreach ops,llm
551,internal_copilot,0.75,"""SMBC-GAI"" employee AI assistant",llm
552,document_ocr,0.5,"""proposal document auto-generation"" app for wholesale business",llm
553,customer_chatbot,0.3,financial-sector AI applications,llm
555,internal_copilot,0.7,"In-house ChatGPT (""行内ChatGPT"") for document creation",llm
557,drug_discovery,0.4,Materials Informatics (AI/ML) for material design,llm
558,internal_copilot,0.4,"generative AI adoption under ""DDX"" strategy; new-business ideation",llm
559,fraud_detection,0.4,AI-native CrowdStrike Falcon platform for security ops,llm
561,internal_copilot,0.7,"""FujifilmAIHub"" agent-based generative AI platform rolling out to ~70,000 employees",llm
565,drug_discovery,0.5,"""Matlantis"" AI computational-chemistry platform for new material development",llm
568,genai_search_knowledge,0.55,Generative AI agent for autonomous literature research,llm
569,drug_discovery,0.4,New-application discovery (GPT + IBM Watson),llm
570,sentiment_analytics,0.4,NLP AI extracts hazards from near-miss incident data,llm
571,drug_discovery,0.4,Materials Informatics + data science in R&D,llm
572,internal_copilot,0.65,Field-originated AI agents standardized & deployed company-wide; 95% adoption,llm
575,quality_inspection,0.75,AI image analysis for spherical alumina inspection,llm
577,drug_discovery,0.4,"""AI-QSAR"" system for cosmetic ingredient biodegradability & safety",llm
579,internal_copilot,0.7,"Internal generative AI service ""ChatSCC""",llm
580,predictive_maintenance,0.55,"equipment visualization, anomaly detection, inspection efficiency",llm
581,internal_copilot,0.7,"""TokuyamaGPT"" internal generative AI",llm
584,computer_vision,0.45,"""Safety Bot Kun"" for Smart Factory targeting zero workplace accidents",llm
591,computer_vision,0.7,bear-detection AI camera,llm
592,genai_search_knowledge,0.5,"searches 2,000+ housing plans in seconds",llm
594,document_ocr,0.5,design data entry & drawing checks,llm
595,document_ocr,0.5,AI structuring & auto-generation of P&ID,llm
595,predictive_maintenance,0.4,plant-wide anomaly detection,llm
596,computer_vision,0.5,AI-assisted asbestos measurement system,llm
597,internal_copilot,0.7,"""Kajima ChatAI"" dialog AI deployed to ~20,000 employees",llm
598,computer_vision,0.45,AI + drone resource/materials management,llm
600,autonomous_ops,0.5,blast pattern regression analysis for tunnel excavation automation,llm
601,quality_inspection,0.5,AI for manufacturing line optimization,llm
602,customer_chatbot,0.4,"""AI Clone"" lets prospective buyers chat with homeowner experiences",llm
603,internal_copilot,0.7,"""Lightblue Assistant"" generative AI deployed company-wide",llm
604,computer_vision,0.6,auto-judges site conditions from camera footage,llm
605,internal_copilot,0.8,"ChatGPT Enterprise company-wide; 3,300 Custom GPTs",llm
606,document_ocr,0.55,auto-generates civil works construction planning documents,llm
607,autonomous_ops,0.65,shield machine (tunnel boring) autonomous operation,llm
608,quality_inspection,0.4,AI-driven semiconductor test systems,llm
611,predictive_maintenance,0.55,optimizes multifunction device maintenance,llm
616,grid_energy_optimization,0.6,optimal power generation planning at hydro dam,llm
618,document_ocr,0.4,automated law-compliance updates,llm
619,predictive_maintenance,0.4,"Physical AI + generative AI (edge AI semiconductors, HMAX Industry)",llm
620,internal_copilot,0.75,"Claude deployed across all business processes for ~290,000 employees",llm
621,computer_vision,0.45,"""IV4"" AI image sensors",llm
623,computer_vision,0.65,Image-recognition AI for auto product discrimination in logistics,llm
624,computer_vision,0.7,AI vision analytics on factory cameras detects dangerous behavior/anomalies,llm
627,code_copilot,0.55,PoC to modernize legacy IBM i core systems,llm
628,predictive_maintenance,0.5,"""Neuro-Physical AI"" for equipment degradation estimation",llm
629,internal_copilot,0.65,"""Murata Coworker"" internal generative AI",llm
630,computer_vision,0.65,Edge AI camera for factory work visualization/monitoring,llm
631,own_llm,0.8,"Own Japanese LLM ""cotomi""",llm
635,internal_copilot,0.55,"""Panasonic Go"" AI transformation + Anthropic Claude partnership",llm
638,own_llm,0.75,Own 70B-parameter Japanese/multimodal LLMs,llm
639,internal_copilot,0.5,generative AI for SiC power semiconductor manufacturing (NL data analysis),llm
639,quality_inspection,0.4,SiC power semiconductor manufacturing,llm
640,quality_inspection,0.4,Quantum annealing at LAPIS Semiconductor factory,llm
641,quality_inspection,0.8,"""SCRAIS"" AI inspection brand for wafer/PCB",llm
642,internal_copilot,0.4,AI applied to CAE work in product design,llm
644,computer_vision,0.4,"""CE-LLM"" edge AI tech (real-time environmental context)",llm
646,own_llm,0.55,"Internal ""Enterprise LLM"" + AWS AI agent infrastructure",llm
650,predictive_maintenance,0.75,"""edgeRX Solution"" AI preventive maintenance",llm
651,own_llm,0.4,"""SensorGPT"" generative AI for synthetic sensor data",llm
654,autonomous_ops,0.75,full autonomous control of distillation tower,llm
655,internal_copilot,0.7,ChatGPT deployed company-wide for workflow automation,llm
656,grid_energy_optimization,0.7,AI for grid stabilization (voltage control),llm
657,computer_vision,0.3,detects elderly frailty from smart-meter power consumption data,llm
658,internal_copilot,0.6,"""ChatGPT Enterprise"" deployed + AI agents for new-business ideation",llm
659,grid_energy_optimization,0.5,"""V-DAG"" multi-AI-agent analytics; grid AI projects",llm
660,predictive_maintenance,0.6,transmission/distribution infrastructure monitoring & inspection,llm
661,precision_agriculture,0.7,"3D fish body measurement AI for weight estimation, disease early detection",llm
662,internal_copilot,0.55,AI agents in accounting department,llm
663,internal_copilot,0.5,Company-wide generative AI + ADAMS data platform,llm
664,internal_copilot,0.7,"""Asahi Chat"" (GPT-4) internal AI",llm
666,internal_copilot,0.65,"""JAC"" (JT Group AI Concierge)",llm
670,internal_copilot,0.5,"""CoreMate"" AI executive officer (12 personas) for management decisions",llm
671,internal_copilot,0.7,"""BuddyAI"" generative AI rolled out to ~15,000 domestic employees",llm
672,internal_copilot,0.7,"""meiji AI Talk"" (ChatGPT) deployed to ~10,000 employees",llm
673,code_copilot,0.6,Amazon Q Developer for dev/ops,llm
674,precision_agriculture,0.7,3D camera + AI infers individual pig weights,llm
675,marketing_content,0.4,generative-AI consumer pseudo-personas answer surveys,llm
678,demand_forecasting,0.65,AI demand-supply management automation for frozen foods,llm
679,internal_copilot,0.7,"""SAPPORO AI-Stick"" generative AI to ~6,000 employees",llm
680,internal_copilot,0.45,"""WAAAP"" AI-driven development platform + company-wide generative AI",llm
682,internal_copilot,0.6,"Proprietary app ""AIGNIS"" generative AI",llm
683,document_ocr,0.55,"""Payment reconciliation AI"" (入金消込AI)",llm
685,drug_discovery,0.4,AI/MI for new material & substance exploration,llm
687,autonomous_ops,0.45,AI production-planning optimization at Tatsuoka plant,llm
689,autonomous_ops,0.55,AI kiln (firing furnace) automation using temp/pressure data,llm
689,autonomous_ops,0.5,AI kiln (firing furnace) automation,llm
690,inventory_supplychain,0.55,AI ship-scheduling optimization,llm
692,internal_copilot,0.5,AI-agent-based redesign of order-to-cash & procurement,llm
693,quality_inspection,0.45,AI eliminates skilled color-matching for ceramic panels,llm
700,internal_copilot,0.7,"""One-AI for Tokio Marine"" company-wide generative AI",llm
701,algo_trading,0.5,"""TMAM AI"" generative AI for investment analysis",llm
702,internal_copilot,0.6,"""NX-Brain"" proprietary generative AI",llm
705,voice_assistant,0.6,"""AI Operator"" auto-reception for pickup requests/delivery status",llm
709,grid_energy_optimization,0.45,AI thermal-load prediction for automatic energy-saving control of air conditioning,llm
711,predictive_maintenance,0.6,AI mining analytics learns machine operating patterns,llm
712,autonomous_ops,0.45,AI production scheduler,llm
716,autonomous_ops,0.6,AI molding navigator auto-corrects injection molding conditions,llm
717,genai_search_knowledge,0.55,Generative AI for resin machinery internal documentation,llm
719,autonomous_ops,0.65,"Autonomous dump trucks, KOM-MICS factory visibility, AI image analysis",llm
722,autonomous_ops,0.55,Drone AI autonomy (with US Shield AI),llm
723,internal_copilot,0.5,generative AI for quality-trouble summarization,llm
723,predictive_maintenance,0.4,bearing condition-monitoring AI,llm
724,internal_copilot,0.4,ML system automates automotive hub-bearing design,llm
726,computer_vision,0.6,Vision-recognition AI + LLM for hydraulic excavator near-miss auto-detection,llm
727,grid_energy_optimization,0.4,AI real-time monitoring & optimal control of compressed air supply,llm
728,autonomous_ops,0.45,engine plant operation support (for autonomous vessels),llm
729,document_ocr,0.5,"""Bill One"" AI accounting automation",llm
730,inventory_supplychain,0.5,AI vessel-operations platform integrating ship info for ~930 vessels,llm
731,inventory_supplychain,0.55,AI dispatch/routing system for car carriers,llm
733,autonomous_ops,0.5,Machine learning in drilling & completion; AI decision support,llm
735,autonomous_ops,0.55,Deep reinforcement learning for manufacturing equipment control,llm
737,drug_discovery,0.4,AI/Materials Informatics for photocatalyst development,llm
738,internal_copilot,0.5,Company-wide generative AI tools + MDM data infrastructure,llm
741,drug_discovery,0.4,AI + Rescale platform for next-gen material development,llm
744,genai_search_knowledge,0.55,"""J-LENS"" AI disclosure-information natural-language search",llm
745,internal_copilot,0.5,AI agents (Workato) direct to production,llm
747,marketing_content,0.5,AI character motion generation; AI content production,llm
748,internal_copilot,0.6,ChatGPT Enterprise across 10 depts,llm
749,code_copilot,0.55,OSS-LLM specialized for in-house system program development,llm
750,voice_assistant,0.4,"""VOCALOID:AI"" voice synthesis",llm
751,autonomous_ops,0.8,World-first AI autonomous operation of crude distillation unit,llm
752,inventory_supplychain,0.55,AI + mathematical optimization for tank-truck routing/dispatch,llm
757,internal_copilot,0.35,generative AI + AI agents for research environment transformation,llm
759,drug_discovery,0.85,AI-designed drug candidate DSP-1181 (with Exscientia),llm
761,drug_discovery,0.75,Iambic AI partnership for drug development,llm
765,computer_vision,0.55,"""FORXAI"" imaging AI platform",llm
766,internal_copilot,0.45,Company-wide generative AI (authorized May 2023),llm
770,genai_search_knowledge,0.4,"""Domo"" AI-powered data analytics platform",llm
771,customer_chatbot,0.55,generative-AI LINE passenger info service,llm
772,computer_vision,0.4,spatial AI shinkansen positioning,llm
773,computer_vision,0.5,AI platform person-detection (Sagami Line) for one-man operation,llm
774,autonomous_ops,0.45,AI agents in railway operation management,llm
775,internal_copilot,0.6,"""KEIO AI-HUB"" generative AI platform + AI agents",llm
776,customer_chatbot,0.55,"AI station staff service + ""Kokoro"" AI avatar (~100 languages)",llm
778,computer_vision,0.7,"""AI Railroad Crossing Image Analysis System"" detects stranded pedestrians",llm
779,customer_chatbot,0.5,"""AI Sakura-san"" station guidance AI",llm
782,computer_vision,0.6,"""AI Security asilla"" behavior-detection",llm
786,internal_copilot,0.6,"Self-developed ""TFHD Chat"" AI + generative-AI meeting support",llm
787,customer_chatbot,0.5,"""AI Assistant"" employee-manual gen AI voice/text auto-response across ~390 stores",llm
787,computer_vision,0.4,vision AI for product recognition & label issuance,llm
795,own_llm,0.4,"""AI Library"" generative AI foundation (13 LLMs)",llm
799,quality_inspection,0.55,"""EXAMATION"" AI tire molding system (480 data points/tire, real-time control)",llm
800,quality_inspection,0.4,FEM+AI tire mold design support,llm
801,voice_assistant,0.7,"""AI Operator"" voice service; voice recognition auto-recording",llm
802,internal_copilot,0.5,"""Core AI Platform"" (multi-LLM) for compliance/ad review",llm
803,internal_copilot,0.4,generative AI adoption support; internal GenAI investment,llm
804,marketing_content,0.55,generative AI for ad creative production,llm
804,own_llm,0.5,own Japanese LLM (public release),llm
805,code_copilot,0.7,"""Devin Enterprise"" autonomous AI engineer company-wide",llm
809,internal_copilot,0.65,"Internal ""Chat AI"" mandatory for ~20,000 employees",llm
810,personalization,0.5,"""Mercari AI Assist"" LLM listing-improvement",llm
816,personalization,0.3,park operational efficiency incl. AI,llm
819,document_ocr,0.4,AI for anime merchandise approval (checks 50+ items),llm
820,fraud_detection,0.5,"""Trend Vision One"" AI security platform (threat prediction/defense)",llm
823,internal_copilot,0.4,AI agents in production (CoE); generative AI PoCs,llm
828,internal_copilot,0.55,"In-house ChatGPT (4,200 users)",llm
828,inventory_supplychain,0.4,AI supply-chain optimization service,llm
829,own_llm,0.55,"""Marucha"" generative AI platform (multi-LLM)",llm
830,internal_copilot,0.55,"""MC-GPT"" generative AI company-wide",llm
836,autonomous_ops,0.55,generative AI platform optimized for semiconductor manufacturing; AI floor manager; fully-automated AI fab,llm
844,autonomous_ops,0.6,AI-based unmanned combat vehicle roadmap,llm
845,quality_inspection,0.7,AI predictive quality mgmt on battery lines,llm
846,internal_copilot,0.4,"""AI Native"" construction; AI in bidding, contracts, on-site ops",llm
847,autonomous_ops,0.6,autonomous blast-furnace tapping; PIMS anomaly prediction,llm
849,internal_copilot,0.5,21 self-developed financial AI agents,llm
850,genai_search_knowledge,0.55,MoAI generative-AI service connects to internal systems for doc/image search,llm
851,drug_discovery,0.55,"""Chemical Agent"" AI system for full research workflow (materials design, synthesis)",llm
855,quality_inspection,0.4,AX in fine-process (MLCC) manufacturing,llm
861,robotics_automation,0.65,Physical-AI autonomous welding; welding 100% automation target,llm
864,internal_copilot,0.5,Enterprise AI agent platform (175 agents),llm
864,fraud_detection,0.4,financial-crime prevention,llm
869,algo_trading,0.55,AI agents across entire investment process; AI-driven portfolio decisioning,llm
872,grid_energy_optimization,0.55,KEPCO Energy AI Partners platform; energy-AI roadmap,llm
873,internal_copilot,0.45,"SK C&C ""Solur"" enterprise genAI",llm
875,quality_inspection,0.5,"AI quality prediction, real-time data collection, smart equipment",llm
880,autonomous_ops,0.6,Autonomous construction-equipment tech,llm
880,voice_assistant,0.4,voice-control AI (compact-equipment industry first),llm
882,drug_discovery,0.55,AI cosmetic-ingredient discovery via EXAONE Discovery; ingredient screening,llm
884,digital_twin,0.4,AI Shipyard (200M+ datasets w/ Naver),llm
886,call_center_ai,0.55,ixi-O AI call agent,llm
886,own_llm,0.5,ixi-GEN (8.8B genAI on EXAONE),llm
892,autonomous_ops,0.5,"""Kailot"" autonomous AI pilot (for KF-21); AI RL-based tactical training",llm
893,autonomous_ops,0.5,AI submarine combat system; manned-unmanned teaming,llm
893,computer_vision,0.4,multimodal vision AI (Twelve Labs),llm
896,personalization,0.4,IoCare+ AI+IoT care platform for customized customer mgmt,llm
903,autonomous_ops,0.35,AI process stabilization for cost-structure shift,llm
904,pricing_ai,0.6,AI dynamic discount pricing (waste reduction),llm
904,computer_vision,0.4,self-checkout AI cameras,llm
905,algo_trading,0.55,"""Terminal X"" AI investment agent",llm
906,robotics_automation,0.6,Physical-AI cobot solutions; AI deburring automation,llm
907,credit_risk,0.4,Explainable AI (XAI) for financial services; AI-based digital banking,llm
910,quality_inspection,0.5,"AI integrated into TC Bonder 4 for HBM4 (process optimization, predictive analytics)",llm
911,voice_assistant,0.55,AI voice-synthesis acquisition; AI voice tech across platforms,llm
912,quality_inspection,0.45,AI tire design; EV customer VOC analysis for quality,llm
917,quality_inspection,0.5,AI-based paint color-matching solutions,llm
918,drug_discovery,0.75,full-cycle drug development multi-agent AI platform; AI candidate screening,llm
919,medical_diagnostics,0.55,AI-based therapeutic response prediction platform; biomarker discovery,llm
919,drug_discovery,0.5,"biomarker discovery, patient/target selection, combination therapy",llm
920,drug_discovery,0.8,"""Daisy"" AI drug-discovery platform (800M compounds)",llm
922,drug_discovery,0.55,AI-based Design space Optimization in vaccine manufacturing,llm
922,medical_diagnostics,0.4,ROTOR AI clinical decision-support,llm
923,quality_inspection,0.6,"real-time OLED data, anomaly detection; quality analysis",llm
924,internal_copilot,0.35,AI hub solving cross-affiliate problems,llm
927,customer_chatbot,0.45,HyperCLOVA X genAI + cloud DX for hotel & duty-free,llm
928,digital_twin,0.55,digital-twin store simulation for product/pricing/promo testing,llm
932,precision_agriculture,0.4,AI/ICT container smart farms,llm
933,marketing_content,0.6,AI banner-image automation; ad/content production platform,llm
937,document_ocr,0.65,AI trade-finance document automation,llm
939,inventory_supplychain,0.5,"Agentic AI smart procurement (supply-chain risk, price volatility)",llm
943,customer_chatbot,0.4,AI for customer & employee experience,llm
943,customer_chatbot,0.4,AI for customer & employee experience,llm
945,internal_copilot,0.35,Digital factory using automation + AI to improve service quality (broker),llm
947,customer_chatbot,0.55,"""LoccazIA"" — AI virtual avatar/assistant for used-car sales",llm
952,precision_agriculture,0.6,"AI + Big Data + drones for agro-industrial piloting (""agriculture 4.0"")",llm
954,personalization,0.4,"AI integrated into payment products, incl. ""agentic commerce""",llm
957,personalization,0.5,merchandising/retail AI to transform food distribution,llm
960,autonomous_ops,0.55,"""Smart Mine"" project; first ""intelligent mine""",llm
963,predictive_maintenance,0.8,Predictive-maintenance AI; 250 AI prediction models covering critical assets,llm
968,medical_diagnostics,0.5,AI-based tools to improve access to medical information / clinician decision-making,llm
970,own_llm,0.75,GigaChat proprietary foundation LLM deployed across bank services,llm
971,voice_assistant,0.35,AI/digital solutions integrated into Lada Azimut crossover,llm
972,customer_chatbot,0.55,AI agents for passenger booking/ticketing,llm
973,computer_vision,0.6,Machine-vision system for mine-truck loading efficiency,llm
974,autonomous_ops,0.45,AI algorithms in geological exploration to select drilling sites,llm
975,computer_vision,0.55,AI to detect ultra-large diamonds,llm
976,drug_discovery,0.3,ML in formulation of automotive/industrial lubricants,llm
977,personalization,0.4,AI assistant for suppliers analyzing retail-network performance data,llm
978,autonomous_ops,0.35,AI solutions in own production complex to boost manufacturing efficiency,llm
979,autonomous_ops,0.4,AI across steelmaking operations,llm
980,algo_trading,0.65,AI tool to detect market manipulation & insider trading,llm
981,sovereign_ai_infra,0.5,AI/data-center business; own AI (Cotype LLM ecosystem),llm
982,autonomous_ops,0.55,AI algorithms managing metal extraction — +0.7% nickel recovery,llm
983,internal_copilot,0.5,AI agents deployed in budget and project control processes,llm
985,internal_copilot,0.45,Generative-AI adoption in business processes via Sber AI,llm
986,genai_search_knowledge,0.7,AI search over internal instructions/user documentation base,llm
988,computer_vision,0.4,AI traffic lights increased road throughput,llm
990,quality_inspection,0.5,Neural networks controlling aluminum-hydroxide fractions to improve alumina quality,llm
991,computer_vision,0.4,AI for environmental monitoring of electrolysis,llm
992,computer_vision,0.5,AI + drones (UAV) for monitoring hydraulic structures,llm
994,sovereign_ai_infra,0.5,Physical compute cluster for generative AI,llm
997,customer_chatbot,0.65,"AI assistant ""Taya"" for financial help",llm
999,call_center_ai,0.7,Generative AI assisting contact-center operators in chat/phone,llm
1000,customer_chatbot,0.4,AI + automation to simplify client journey,llm
1001,internal_copilot,0.4,AI system to assess product competencies in hiring/development,llm
1002,internal_copilot,0.45,Broad AI-agentization program across retail ops,llm
1004,voice_assistant,0.55,Alice AI booking of restaurants/salon appointments via chat,llm
1008,algo_trading,0.6,Generative AI investment-research tool integrated into investment decision-making,llm
1009,call_center_ai,0.7,AI-powered omnichannel customer service platform (Genesys Cloud),llm
1011,internal_copilot,0.35,"data analytics, ML and generative AI for decision-making",llm
1012,autonomous_ops,0.4,AI-driven telecom ops platform (network + workforce + CX),llm
1014,autonomous_ops,0.4,AI for operational excellence in mining ops,llm
1015,autonomous_ops,0.5,AI to optimise copper processing; integrated remote operating centres,llm
1018,drug_discovery,0.7,AI deal to identify immunology targets; oncology AI,llm
1019,internal_copilot,0.4,Co-Driver generative AI suite for retailers,llm
1019,marketing_content,0.45,2.5M AI-powered vehicle descriptions/image re-orders,llm
1022,translation_language,0.5,clean/transcribe/translate/analyse voice+text in real time,llm
1023,autonomous_ops,0.45,agentic AI across US DoD platforms; harden battlefield AI,llm
1027,internal_copilot,0.3,AI-driven restructuring; automation/reorganisation,llm
1035,internal_copilot,0.4,data science/ML/automation to transform dining and operations,llm
1037,internal_copilot,0.4,AI-led SAP S/4HANA transformation for intelligent business operations,llm
1038,drug_discovery,0.5,AI/data analytics optimising biologics; R&D digital program to shorten product development,llm
1048,autonomous_ops,0.5,integrating AI/ML into drilling operations,llm
1049,medical_diagnostics,0.6,AI imaging platform; single-cell/spatial genomics with AI,llm
1049,drug_discovery,0.5,gsk.ai unit; Noetik AI deals,llm
1053,customer_chatbot,0.6,"""Chip"" GenAI assistant giving tradespeople technical advice",llm
1055,internal_copilot,0.35,AI-driven platforms for operational efficiency,llm
1059,internal_copilot,0.4,"deploy AI (agentic AI, advanced analytics) across org",llm
1060,internal_copilot,0.3,deepen AI use; monetise event content,llm
1062,internal_copilot,0.3,independent end-to-end AI assurance programme,llm
1063,internal_copilot,0.6,Rolling out Microsoft AI assistant to every employee,llm
1066,customer_chatbot,0.65,"""Hello B&Q""/""Hello Casto"" GenAI DIY assistants",llm
1066,computer_vision,0.4,Screwfix Lens,llm
1070,personalization,0.45,AI tool to help customers make investment decisions,llm
1073,algo_trading,0.5,develop AI investment strategies,llm
1075,personalization,0.6,"AI ""personalised style guru"" advising shoppers on outfit choices",llm
1076,internal_copilot,0.3,IT AI & Data Science Centre of Excellence,llm
1077,grid_energy_optimization,0.5,Own AI application for energy management problems,llm
1078,grid_energy_optimization,0.65,"AI ""smart mediator"" to manage demand between data centre and electricity grid",llm
1081,genai_search_knowledge,0.45,GenAI study tools in higher-ed eTextbooks; AI literacy modules,llm
1083,computer_vision,0.7,AI cameras deployed across 160 construction sites to prevent collisions,llm
1085,internal_copilot,0.45,"260+ active AI use cases, 2,300+ employees using agentic AI",llm
1087,genai_search_knowledge,0.6,legal AI incl. Lexis+ AI; LexisNexis,llm
1088,computer_vision,0.6,"AI + camera connected pest monitoring (real-time alerts, early detection)",llm
1093,algo_trading,0.55,Generative AI Investment Analyst for private equity due diligence,llm
1098,computer_vision,0.7,AI threat-detection in X-ray/airport screening,llm
1100,predictive_maintenance,0.4,digital steam-system services turning connected-equipment data into actions,llm
1104,call_center_ai,0.6,"AI to identify/assist ""vulnerable"" call-centre customers; Advice Assistant",llm
1105,personalization,0.75,4.5M+ personalised challenges/coupons monthly to 24M households,llm
1108,grid_energy_optimization,0.4,large-scale AI in operational systems (water); AI to tackle storm overflows,llm
1109,customer_chatbot,0.65,TOBi/SuperTOBi AI assistant (understands 90%+ of customer needs),llm
1112,internal_copilot,0.5,"""Ask 3M"" AI assistant + Digital Materials Hub",llm
1113,medical_diagnostics,0.75,"AI-powered coronary OCT imaging software, FDA-cleared",llm
1115,internal_copilot,0.35,GenAI + agentic AI consulting,llm
1116,marketing_content,0.7,Adobe Firefly GenAI models (text-to-image/video),llm
1120,internal_copilot,0.35,deploy AI across products/operations,llm
1121,predictive_maintenance,0.5,sensors + predictive analytics for process monitoring/optimization,llm
1122,customer_chatbot,0.75,Custom-built AI customer service agent handling ~1/3 of support requests,llm
1124,autonomous_ops,0.5,Closed-loop AI + advanced process control for lithium extraction,llm
1126,medical_diagnostics,0.4,AI-assisted digital orthodontic workflows,llm
1130,genai_search_knowledge,0.6,Gemini models + AI Overviews / AI Mode in Google Search,llm
1131,genai_search_knowledge,0.55,"Gemini + AI Overviews across Search, Workspace, Cloud",llm
1132,internal_copilot,0.6,"""AltriaGPT"" internal generative AI resource for employee productivity",llm
1133,customer_chatbot,0.75,"""Rufus"" GenAI shopping assistant",llm
1135,computer_vision,0.55,AI-powered drone + GIS inspection program for grid hardening,llm
